GAGE_ID,elev_mean,slope_mean,area,p_mean,pet_mean,frac_forest,lai_max,lai_diff,gvf_max,gvf_diff,soil_depth_pelletier,soil_conductivity,sand_frac,clay_frac,water_frac,carbonate,geol_permeability
1013500,250.3100,21.6415,2252.7000,3.1267,1.9716,0.9063,4.1673,3.3407,0.8046,0.3716,7.4048,1.1065,27.8418,16.2757,5.3767,0.0000,-14.7019
1022500,92.6800,17.7907,573.6000,3.6081,2.1193,0.9232,4.8714,3.7467,0.8639,0.3377,17.4128,2.3750,59.3902,12.0376,1.2269,0.0000,-14.2138
1030500,143.8000,12.7920,3676.1700,3.2744,2.0436,0.8782,4.6852,3.6655,0.8585,0.3514,19.0114,1.2898,32.2355,14.7768,1.6343,0.0521,-14.4918
1031500,247.8000,29.5604,769.0500,3.5230,2.0713,0.9548,4.9033,3.9908,0.8707,0.3986,7.2526,1.3733,35.2690,12.6541,0.6746,0.0263,-14.8410
1047000,310.3800,49.9212,909.1000,3.3231,2.0900,0.9906,5.0868,4.3010,0.8914,0.4455,5.3597,2.6152,55.1631,10.3036,0.0000,0.0000,-14.4819
1052500,615.7000,60.0518,383.8200,3.7309,2.0964,1.0000,4.8008,4.1243,0.8800,0.4773,1.3013,1.2630,30.5577,11.1433,0.0000,0.0000,-15.1658
1054200,472.3100,90.1395,180.9800,4.0671,2.1284,1.0000,5.0198,4.2836,0.8867,0.4551,0.9148,2.9191,58.3762,9.8513,0.0000,0.0000,-14.2147
1055000,423.1200,72.8130,250.6400,3.4942,2.0932,0.9916,5.0300,4.3192,0.8862,0.4714,2.1271,2.5500,53.8620,10.3463,0.0000,0.0000,-14.3578
1057000,215.5900,32.6845,190.9200,3.5705,2.1327,0.9415,5.3629,4.5871,0.9055,0.4587,3.7591,4.0304,69.0067,7.8176,0.0000,0.0774,-13.9903
1073000,37.6700,4.7504,31.3000,3.5030,2.2076,0.9008,4.9439,4.0351,0.8414,0.3791,19.9091,2.9487,56.5710,9.9673,0.0000,0.0000,-14.1000
1078000,346.9200,49.7718,222.4600,3.5629,2.1841,0.9873,5.3917,4.5053,0.8987,0.4249,3.6398,4.0254,69.1574,7.8483,0.0000,0.0000,-14.1061
1118300,36.7000,8.7654,10.3600,3.8974,2.3100,0.9330,5.5821,4.8076,0.9113,0.4692,12.9200,3.2710,60.6078,9.2734,0.0000,0.0000,-14.1000
1121000,141.5400,16.9939,70.2500,3.7196,2.3014,0.9652,5.4347,4.8232,0.9086,0.4976,8.9623,3.0682,55.8139,9.1667,0.0000,0.0000,-14.1000
1123000,120.1000,17.1489,77.8500,3.8242,2.3063,0.9141,5.4031,4.8061,0.9074,0.5069,9.0851,3.0795,52.7469,8.6894,0.0000,0.0000,-14.1000
1134500,450.5400,47.5435,195.1300,3.4674,2.0917,0.9963,4.9306,4.2736,0.8862,0.4768,4.0741,1.7560,42.5860,12.7242,0.0000,0.0000,-14.1198
1137500,784.8500,110.1306,228.5500,3.9842,2.1440,0.9972,4.5415,3.6582,0.8658,0.3935,1.5611,2.7777,53.8006,8.7281,0.0000,0.0000,-14.1000
1139000,373.3400,43.1080,246.3300,3.1345,2.1140,0.9737,5.0695,4.3895,0.8801,0.4673,3.7500,1.8868,44.4566,13.2941,0.0000,0.5217,-12.9220
1139800,518.1500,40.9990,22.8000,3.3035,2.1272,1.0000,5.2131,4.6331,0.8990,0.5260,2.5106,1.9363,45.3148,13.0982,0.0000,1.0000,-11.8000
1142500,346.6200,46.9258,82.1700,3.3147,2.1470,0.9799,4.8863,4.2371,0.8848,0.4934,2.8768,1.7786,43.4066,14.4386,0.0000,0.7645,-12.5655
1144000,459.8000,60.2926,1790.2400,3.4209,2.1577,0.9813,5.1640,4.4951,0.8972,0.4929,2.1068,1.8766,44.9595,13.0824,0.0000,0.3237,-13.3802
1162500,310.0700,18.4578,49.7100,3.7835,2.2575,0.9663,5.4027,4.1497,0.8845,0.3329,9.3231,3.6580,65.4868,8.7756,0.0000,0.0000,-14.1000
1169000,374.8900,49.5436,230.6400,3.9212,2.2525,0.9970,5.3781,4.6069,0.9041,0.4557,3.9556,1.7035,42.5078,12.6967,0.0000,0.0197,-14.2609
1170100,325.7100,49.3309,106.9900,3.8946,2.2428,0.9970,5.3841,4.6199,0.8998,0.4568,3.6541,2.0428,48.4324,11.7060,0.0000,0.3188,-13.7095
1181000,417.9300,33.2844,243.5000,3.8150,2.2661,0.9944,5.3860,4.7032,0.9031,0.4819,5.0275,2.0395,47.7675,12.1801,0.0000,0.0030,-14.1061
1187300,309.1000,38.2676,53.9200,3.9506,2.2806,0.9932,5.3972,4.5354,0.8913,0.4144,6.9565,1.8589,47.0130,11.5090,0.0000,0.0000,-14.8804
1195100,19.1700,7.9307,14.8400,3.6825,2.3540,0.9171,5.4696,4.8315,0.9071,0.4970,14.4400,3.0901,58.8885,9.5396,0.0000,0.0000,-14.1000
1333000,485.9100,74.7873,112.1600,3.7046,2.2127,0.9844,5.0106,4.4241,0.8949,0.5191,2.8378,1.5421,38.4417,14.3055,0.0000,0.3124,-13.3765
1350000,612.7800,88.2517,612.5100,3.8698,2.2460,0.9966,5.0526,4.3382,0.8868,0.4654,1.9241,1.2653,33.1547,12.7844,0.0000,0.0000,-15.2049
1350080,587.3500,60.0034,83.8400,3.4928,2.2390,0.9940,5.0133,4.1444,0.8775,0.4292,3.0548,1.2681,33.3491,13.8088,0.0912,0.0000,-15.3774
1350140,579.7400,61.8248,43.7600,3.5014,2.2405,0.9910,5.0460,4.2689,0.8866,0.4599,3.2222,1.0605,22.7810,13.5866,0.0000,0.0000,-15.8034
1365000,465.1700,51.8727,99.5700,4.2114,2.3030,1.0000,5.2401,4.6327,0.9020,0.5021,0.9647,1.0741,26.2185,12.9911,0.0000,0.0000,-15.2000
1411300,15.2500,2.0326,79.3200,3.1754,2.5349,0.8487,5.3540,4.5743,0.8938,0.4405,49.2960,3.4599,39.6893,5.8376,0.0000,0.0000,-13.0000
1413500,724.5100,69.6517,424.1000,3.8325,2.2348,0.9974,4.8600,4.3088,0.8828,0.5236,1.4943,1.2408,31.4216,14.1257,0.0000,0.0000,-15.1998
1414500,775.5800,59.5759,64.4500,3.9800,2.2297,1.0000,5.0898,4.5525,0.8886,0.5249,1.0636,1.0891,25.0559,12.7716,0.7284,0.0000,-15.2000
1415000,604.3400,64.5326,85.6300,3.7731,2.2375,1.0000,4.7648,4.2208,0.8767,0.5223,2.1818,1.2486,31.3006,15.1605,0.0000,0.0000,-15.2000
1423000,593.6700,49.8677,859.6800,3.7038,2.2268,0.9854,4.3277,3.7986,0.8591,0.5253,2.4356,1.3765,35.5487,14.6728,0.0000,0.0000,-15.1997
1434025,729.3300,59.4071,9.7000,4.4370,2.2724,1.0000,5.1431,4.6495,0.8948,0.5420,0.8333,1.0439,25.0755,12.4726,0.0000,0.0000,-15.2000
1435000,560.0500,54.9449,172.4600,4.3177,2.2971,1.0000,5.2031,4.6448,0.8983,0.5198,1.1200,1.1309,28.2503,13.7440,0.0000,0.0000,-15.1995
1439500,307.0600,22.2599,305.8800,3.6833,2.3446,0.9970,5.1739,4.6524,0.8901,0.5330,3.0738,1.6591,40.9732,13.7239,0.0000,0.0000,-15.2772
1440000,234.2000,28.8017,167.7200,3.5499,2.3430,0.9080,5.2832,4.7577,0.8964,0.5349,4.1861,1.7500,32.9533,11.1405,0.0000,0.1495,-14.2270
1440400,334.0600,26.4652,175.2100,3.7534,2.3364,0.9933,5.2050,4.6501,0.8951,0.5164,2.4876,1.4455,36.5671,14.8302,0.0000,0.0000,-14.8732
1451800,180.4100,14.8941,135.8400,3.5032,2.4189,0.4915,2.0553,1.7183,0.6913,0.4217,1.0370,1.2430,32.1287,17.6170,0.0000,0.0028,-16.2182
1466500,38.9400,2.5346,5.3800,3.5398,3.0598,1.0000,4.1963,2.7594,0.8232,0.2367,49.6364,7.9546,83.3664,3.1806,0.0000,0.0000,-13.0000
1484100,17.9700,1.0372,9.0000,3.3213,2.6026,0.3605,2.1009,1.6237,0.7069,0.3555,49.5556,3.2009,58.6916,13.8666,0.0000,0.0000,-13.0000
1485500,15.4600,1.6686,141.5400,3.2406,2.6303,0.8670,4.6954,3.2770,0.8346,0.2584,47.8466,4.2591,53.0273,6.3253,0.0000,0.0000,-10.9000
1486000,10.2100,1.4713,11.1800,3.2744,2.6748,0.8888,5.0707,3.3739,0.8445,0.2368,46.4444,1.8935,42.1116,11.8795,0.0000,0.0000,-10.9000
1487000,13.8400,1.1000,187.4100,3.3390,2.6076,0.4165,2.1582,1.6724,0.7098,0.3550,49.1931,2.5955,38.6826,9.9216,0.0000,0.0000,-13.0000
1491000,18.5400,1.4195,292.0400,3.3051,2.5925,0.2319,2.7116,2.2764,0.7587,0.4256,48.5290,2.5209,33.0029,8.0656,0.0000,0.0000,-12.4235
1510000,482.2100,28.7642,382.9900,3.4623,2.2408,0.9804,4.5068,3.9080,0.8679,0.5040,3.8427,1.0549,25.2456,16.0882,0.0000,0.0720,-16.0426
1516500,634.5900,29.7969,31.4800,3.1826,2.2661,0.9661,3.9590,3.4592,0.8251,0.4906,4.8868,1.1970,29.8200,15.5008,0.0000,0.0000,-15.4207
1518862,600.8700,37.2816,233.9100,3.0316,2.2678,0.9837,3.9463,3.4421,0.8295,0.5033,3.4274,1.1544,26.9263,14.0250,0.0000,0.0000,-15.7286
1532000,507.1400,40.9163,553.9400,3.1951,2.2969,0.9549,4.3164,3.7724,0.8489,0.4853,3.3572,1.2662,31.8888,15.5473,0.0000,0.0000,-14.7360
1539000,333.7500,32.4794,701.7800,3.4234,2.3601,0.8311,4.6693,4.0128,0.8644,0.4627,4.5961,1.2819,32.8469,15.6326,0.1007,0.0000,-15.5264
1542810,492.7000,45.5572,13.6200,3.4225,2.2688,1.0000,5.2661,4.7448,0.9004,0.5503,0.9600,1.1963,31.0181,16.5915,0.0000,0.0000,-15.0206
1543000,543.3700,36.5375,705.5000,3.3900,2.2767,0.9922,5.1414,4.5983,0.8953,0.5344,0.9929,1.3011,33.9371,16.6758,0.0000,0.0000,-14.6131
1543500,547.4400,31.2823,1778.2600,3.4089,2.2839,0.9878,5.1234,4.5702,0.8945,0.5241,1.0200,1.3532,35.5934,17.1181,0.0000,0.0000,-14.3537
1544500,551.6000,36.2627,355.0600,3.3635,2.2907,1.0000,5.0607,4.5380,0.8921,0.5310,0.9518,1.3992,36.2921,16.5167,0.0000,0.0000,-15.1862
1545600,518.9700,53.6831,120.0000,3.3846,2.2980,1.0000,5.1911,4.6133,0.8971,0.5035,0.9701,1.8847,46.6105,16.3128,0.0000,0.0000,-14.1559
1547700,353.5700,43.0263,113.5400,3.1350,2.3474,0.9047,4.9335,4.3537,0.8804,0.5008,1.2097,1.1624,30.5681,15.5477,0.0000,0.0030,-15.1697
1548500,546.7100,39.1417,1557.0500,3.1533,2.2718,0.9866,4.7801,4.2353,0.8768,0.5085,1.0296,1.2217,29.4829,14.6722,0.0000,0.0000,-14.8083
1549500,528.1600,32.3934,97.4900,3.3322,2.2938,0.9888,4.4969,3.9067,0.8598,0.4814,0.9509,1.2520,31.2893,15.5596,0.0000,0.0000,-15.0026
1550000,455.4100,46.2853,452.6800,3.3698,2.2929,0.9880,4.8364,4.2584,0.8813,0.5025,1.1724,1.1988,27.6866,14.2455,0.0000,0.0000,-14.3602
1552000,461.4300,37.2753,1129.4900,3.4770,2.3117,0.9911,4.9692,4.3762,0.8851,0.4869,3.8956,1.3328,33.4436,15.4181,0.0000,0.0000,-14.4365
1552500,535.2400,46.4636,60.6400,3.6231,2.2920,0.9956,5.1103,4.5185,0.8975,0.4939,1.6635,1.3378,33.7918,15.6106,0.0000,0.0000,-15.0374
1557500,389.9900,38.1715,115.3000,3.1531,2.3596,0.9012,4.9527,4.3698,0.8827,0.4952,1.1158,1.3644,36.5562,16.2604,0.0000,0.0460,-15.2720
1567500,314.4800,46.4732,38.7700,3.2128,2.4338,0.7969,3.5345,3.0122,0.7966,0.4526,0.8923,0.9149,26.4416,23.0423,0.0000,0.2256,-14.8970
1568000,265.5200,34.5265,534.3900,3.3297,2.4250,0.7062,4.3666,3.8339,0.8426,0.4875,1.0298,1.2911,37.5156,18.8837,0.0000,0.1138,-15.5296
1580000,174.3000,12.4424,244.3700,3.4317,2.5273,0.4241,2.5116,2.1468,0.7527,0.4569,1.0462,1.1070,29.4296,18.6598,0.0000,0.0000,-14.1000
1583500,156.3200,13.6759,155.8500,3.2621,2.5529,0.5155,2.8606,2.4169,0.7637,0.4361,1.1000,1.2323,32.4456,18.0157,0.0000,0.1684,-13.7057
1586610,196.8800,11.8529,72.7000,3.3047,2.5440,0.3247,2.5163,2.0916,0.7268,0.4058,1.0168,1.1656,29.0266,16.0880,0.0000,0.0000,-14.0390
1591400,149.2100,7.7915,59.0900,3.2850,2.6240,0.3311,2.2606,1.8040,0.7175,0.3803,1.0316,0.9990,26.1352,19.4322,0.0000,0.0000,-14.1000
1594950,899.8200,37.3822,6.1200,3.9211,2.4534,0.9731,4.6459,4.1443,0.8650,0.5233,1.0000,1.5478,38.6250,15.3750,0.0000,0.0000,-16.2759
1596500,663.4200,53.9668,124.6500,3.3143,2.4369,0.8759,4.4698,3.9114,0.8518,0.4769,1.0000,1.4946,32.2242,13.2539,0.0000,0.0000,-15.2383
1605500,856.8600,70.4411,463.8500,3.2097,2.5166,0.9904,4.6492,4.0446,0.8523,0.4715,0.9504,1.6265,43.1489,15.8930,0.0000,0.1652,-13.8824
1606500,836.3800,75.8621,1684.5500,3.3635,2.4991,0.9336,4.7782,4.1986,0.8689,0.4896,0.9504,1.3617,36.4817,16.6810,0.0000,0.2182,-14.1648
1613050,261.6000,35.5443,27.9000,3.0885,2.4467,0.9354,4.1873,3.6668,0.8340,0.4712,0.9318,1.9742,43.7507,14.2722,0.0000,0.0000,-15.2693
1620500,786.3500,74.9790,44.7400,3.3986,2.5277,0.9722,4.8888,4.1833,0.8718,0.4339,0.9500,1.6808,43.2454,16.1453,0.0000,0.0000,-15.9424
1632000,543.7600,51.7082,543.3600,2.9310,2.5500,0.7080,4.9363,4.2798,0.8828,0.4700,1.0928,1.4884,39.0785,16.4502,0.0000,0.0141,-15.5394
1632900,417.2900,48.6244,245.0500,2.9081,2.5928,0.5837,3.5517,2.9183,0.7838,0.3952,1.0594,0.7318,29.7092,36.0584,0.0000,0.6008,-12.9503
1634500,344.4400,47.4082,263.9800,2.9792,2.5237,0.7781,4.9422,4.3430,0.8837,0.4925,0.9020,1.3902,39.0389,17.9895,0.0000,0.0105,-15.0288
1638480,155.9800,16.8880,232.0000,3.0344,2.5581,0.4659,3.0133,2.5410,0.7561,0.4220,1.0332,1.3522,40.7628,23.7233,0.0000,0.0036,-13.8061
1639500,198.1000,11.6124,267.1800,3.2332,2.5353,0.1173,2.0174,1.6175,0.6927,0.3797,1.0619,1.0436,23.2061,13.9683,0.0000,0.0188,-14.1274
1644000,187.2500,23.9533,859.1700,3.0476,2.5576,0.6186,3.3677,2.8666,0.7816,0.4352,1.0733,1.1722,36.5049,23.8653,0.0000,0.0019,-13.7579
1658500,97.4400,6.8839,19.3400,3.2181,2.6855,1.0000,5.4006,4.7289,0.8921,0.4727,1.0000,1.6357,44.7333,20.7333,0.0000,0.0000,-13.4126
1664000,216.1000,30.3265,1605.1000,3.1490,2.5720,0.7519,4.4384,3.8384,0.8544,0.4740,1.0500,1.2019,36.1755,21.1687,0.0000,0.0005,-13.9690
1666500,201.5900,24.9829,463.1500,3.2009,2.6581,0.8137,4.2708,3.6268,0.8479,0.4572,1.0338,1.1584,34.6535,22.0633,0.0000,0.0047,-14.2526
1667500,193.4700,23.4403,1209.7500,3.2080,2.6882,0.8033,4.1127,3.4666,0.8329,0.4436,1.0670,1.0392,30.7700,21.8031,0.0000,0.0018,-14.1348
1669000,42.9400,4.0965,71.8400,3.1970,2.6781,0.9098,4.5869,3.3956,0.8345,0.3165,35.5932,3.1785,65.2667,17.5333,0.0000,0.0000,-13.0000
1669520,25.4200,4.9730,277.3900,3.2732,2.6902,0.9295,5.2418,3.6326,0.8585,0.2623,38.2128,2.3227,60.9401,19.2565,0.0000,0.0000,-12.4147
2011400,783.8600,73.9274,407.7200,3.2886,2.5430,0.9953,4.8553,4.2493,0.8733,0.4859,0.9413,1.5488,44.1011,18.6065,0.0000,0.0075,-14.6756
2011460,878.3800,77.1034,156.3400,3.4043,2.5167,0.9950,4.6984,4.1334,0.8673,0.4896,0.9056,1.6437,43.4922,16.7479,0.0000,0.0000,-15.5249
2013000,691.8200,70.8599,424.7800,3.0363,2.5956,0.9852,5.0467,4.4550,0.8877,0.5029,0.9457,1.4886,43.3881,18.7912,0.0000,0.0592,-15.1955
2014000,691.0400,73.6303,396.7800,3.1246,2.5485,0.9092,5.0283,4.4278,0.8872,0.5017,0.9517,1.5199,43.6377,18.8650,0.0000,0.0084,-15.4203
2015700,753.5200,68.7265,285.4100,3.1955,2.5378,0.9911,4.8825,4.2348,0.8720,0.4698,1.0227,1.9621,48.8557,15.7936,0.0000,0.0013,-14.4666
2016000,645.0400,66.4206,1194.5500,3.1448,2.5738,0.9317,5.0887,4.3854,0.8839,0.4594,1.0139,1.6402,43.3410,16.7471,0.0000,0.0003,-15.2353
2017500,695.2700,69.6308,276.1500,3.0253,2.5990,0.9349,4.9147,4.3019,0.8746,0.4841,1.0458,1.6099,44.3547,17.7669,0.0000,0.0139,-15.1362
2018000,648.6800,66.9666,852.3400,3.0558,2.6208,0.8857,4.9487,4.3211,0.8788,0.4794,1.0070,1.6430,44.8596,17.4531,0.0000,0.0177,-15.3324
2027000,387.4400,57.5512,240.7700,3.4679,2.6448,0.9407,4.6971,4.0694,0.8763,0.4810,0.9342,0.9899,28.8551,20.0960,0.0000,0.0000,-14.0448
2027500,350.5300,52.5156,123.3400,3.6655,2.6408,0.9407,4.5929,3.9770,0.8732,0.4816,0.9592,0.8307,21.2167,20.3818,0.0000,0.0000,-14.1000
2028500,377.4800,66.8683,245.4500,3.3264,2.5970,0.9644,4.7970,4.1720,0.8820,0.4928,1.0054,1.1069,33.8359,22.6187,0.0000,0.0000,-13.7687
2038850,176.4100,9.8013,22.0000,3.1496,2.8894,0.9300,5.3991,4.3350,0.8844,0.3793,1.0270,0.5862,22.1841,47.1451,0.0000,0.0000,-15.8882
2046000,86.6400,6.0448,288.5200,3.2689,2.7490,0.9359,5.2644,3.8349,0.8700,0.3007,1.1818,0.8621,30.8958,29.7130,0.0000,0.0000,-14.0460
2051000,151.0200,7.5000,144.8200,3.1709,2.7190,0.9387,5.0211,4.0247,0.8694,0.3882,1.0271,0.6148,24.0143,46.1061,0.0000,0.0000,-14.1000
2051500,113.4000,6.8562,1428.7100,3.1903,2.9770,0.9081,4.9076,3.6720,0.8546,0.3255,1.0967,0.7306,27.7843,37.9312,0.0000,0.0000,-14.0727
2053200,25.2800,2.2033,583.6600,3.3339,2.7969,0.5848,3.2384,2.4725,0.7725,0.3458,47.7146,1.8013,45.7706,16.2794,0.0000,0.0000,-13.0346
2053800,705.6800,36.1654,280.7200,3.2281,2.6675,0.8875,4.6590,4.0026,0.8597,0.4505,0.9909,0.8872,32.4577,31.8523,0.0000,0.0730,-14.7160
2055100,399.9900,38.7904,30.5400,3.0562,2.6644,0.5089,3.8382,3.1887,0.8035,0.4092,0.9434,0.5750,22.1949,45.1132,0.0000,0.7119,-12.9343
2056900,423.0700,33.4952,298.1100,3.1793,2.7053,0.9121,4.3417,3.6024,0.8360,0.4138,1.0353,0.9524,36.5396,35.9612,0.0000,0.0000,-14.1418
2059500,319.1400,27.0257,485.4100,3.0996,3.2012,0.8421,4.2795,3.6054,0.8209,0.4209,1.0231,0.9352,36.3502,35.8073,0.0000,0.0041,-14.5692
2064000,192.2100,9.9569,427.7700,3.0955,2.9264,0.9090,4.3450,3.3396,0.8120,0.3385,1.0706,0.6583,25.8117,43.7296,0.0000,0.0000,-14.7619
2065500,170.0900,10.0629,252.5800,3.1329,3.6953,0.9058,4.6420,3.7218,0.8392,0.3777,1.0526,0.6805,27.2597,44.0182,0.0000,0.0000,-14.1599
2069700,372.6200,23.0183,221.1300,3.5226,2.7169,0.9644,4.6236,3.9645,0.8645,0.4535,1.0234,0.7484,26.6351,36.9802,0.0000,0.0000,-14.5210
2070000,308.6600,12.2261,270.6100,3.3004,3.7616,0.9642,4.9070,4.1695,0.8731,0.4402,1.0601,0.7453,29.2786,41.4440,0.0000,0.0000,-14.2184
2074500,223.3000,10.7086,288.5300,3.2710,3.4224,0.8579,4.2944,3.4222,0.8265,0.3830,1.0371,0.7471,31.6938,44.9421,0.0000,0.0000,-14.0036
2077200,194.0000,7.0845,121.6900,3.2784,2.8608,0.7114,3.7405,3.1365,0.7983,0.4141,1.0357,0.8243,14.9104,11.7127,0.0000,0.0000,-14.1000
2081500,132.2100,6.4653,428.3700,3.2666,2.7916,0.8481,3.9202,3.1407,0.8046,0.3796,1.1484,0.8287,24.6650,27.9036,0.0000,0.0000,-14.0159
2082950,79.7700,6.5458,460.8500,3.2631,3.1581,0.7774,5.2621,3.8380,0.8686,0.2858,1.4842,1.0604,40.0672,33.5326,0.0000,0.0000,-14.0079
2092500,21.8800,2.5707,447.5800,3.7828,3.2678,0.7118,3.8268,2.5978,0.7816,0.2573,44.2069,3.0273,59.9072,14.9612,0.0000,0.3828,-12.5406
2096846,182.8500,7.7346,19.5700,3.3462,3.1901,0.9156,4.9933,4.1563,0.8650,0.4001,1.0313,0.8078,24.4064,31.1337,0.0000,0.0000,-13.7966
2102908,106.8800,10.4816,19.7300,3.3551,3.0197,0.6906,3.0230,1.7099,0.6824,0.1601,1.0000,3.8993,71.0000,15.3333,0.0000,0.0000,-10.9658
2108000,31.6100,3.1403,1569.4800,3.8104,3.2078,0.4232,2.6370,1.9823,0.7185,0.3155,29.4375,2.9724,62.1613,15.2190,0.0000,0.0689,-12.9173
2111180,551.0600,56.4299,131.4700,3.7157,2.7206,1.0000,5.0319,4.2532,0.8927,0.4361,1.0357,1.4471,39.9708,20.1882,0.0000,0.0000,-14.1000
2111500,454.0200,35.9581,233.6600,3.5828,2.9450,0.9831,4.9293,4.0555,0.8811,0.3996,1.0085,1.1349,33.9785,24.5663,0.0000,0.0000,-14.1000
2112120,460.0300,35.9355,322.2700,3.5588,2.7997,0.9010,4.9018,4.0140,0.8773,0.3942,0.9979,1.1996,37.3023,27.1885,0.0000,0.0000,-14.1000
2112360,405.8600,23.7183,205.3000,3.4404,2.8608,0.8821,4.7143,3.8800,0.8652,0.4057,1.0064,1.1744,34.8157,25.4075,0.0000,0.0000,-14.1000
2118500,336.8200,18.1747,400.5300,3.4977,2.8543,0.7055,3.8514,3.2156,0.8151,0.4136,1.0439,0.8379,31.0882,37.9491,0.0000,0.0000,-14.1000
2125000,190.2300,9.3219,144.5500,3.2335,3.0786,0.3877,3.1380,2.4345,0.7657,0.3346,1.0679,0.6471,15.9171,29.9467,0.0000,0.0000,-14.7769
2128000,195.2300,8.9703,273.4800,3.2407,2.9377,0.8588,4.7566,3.9087,0.8532,0.3885,1.0565,0.7714,23.2965,31.7234,0.0000,0.0000,-14.2609
2137727,602.1800,65.1104,329.5400,3.9813,2.7663,0.9861,4.9439,4.2122,0.8845,0.4385,1.0412,1.4514,40.5186,21.0714,0.0000,0.0000,-14.1023
2140991,529.4200,43.7652,521.9900,3.7278,2.7683,0.9821,5.2274,4.2435,0.8935,0.3792,1.0541,1.6296,43.1296,17.7710,0.0000,0.0000,-14.1000
2143000,399.3500,27.0708,216.6700,3.7045,2.9176,0.6406,5.0240,3.9858,0.8671,0.3648,1.0751,1.2936,37.1906,26.0490,0.0000,0.0000,-14.1000
2143040,411.3300,33.1444,66.4800,4.0458,2.8104,0.9465,5.1551,4.2501,0.8908,0.3922,1.0291,1.3327,37.1474,23.6514,0.0000,0.0000,-14.1000
2149000,403.9100,39.5462,203.8500,3.8216,2.9941,0.9755,5.1473,4.3966,0.8881,0.4505,1.0561,1.3566,39.7779,24.8674,0.0000,0.0000,-14.1000
2152100,414.3100,40.1164,154.9900,3.7735,3.1097,0.9009,5.1556,4.3521,0.8902,0.4365,1.0558,1.3372,37.4980,23.7599,0.0000,0.0000,-14.1000
2177000,705.5900,47.8646,526.7700,5.3745,2.8116,0.9731,5.5137,4.1812,0.8902,0.2933,1.0039,1.7829,34.9909,16.0221,0.0000,0.0000,-14.1000
2178400,797.9100,59.8088,151.2800,5.2131,2.8121,0.9777,4.9611,4.2008,0.8927,0.4353,1.0044,2.0085,37.2321,14.8954,0.0010,0.0000,-14.0994
2193340,167.9300,7.4988,87.8700,3.2741,3.0247,0.8688,4.6794,3.4315,0.8295,0.2736,1.0455,0.9551,36.6286,39.5201,0.0000,0.0000,-14.1000
2196000,142.1900,7.2448,1408.3800,3.3245,3.9058,0.8727,4.7677,3.2331,0.8314,0.2232,1.3129,0.7569,24.2931,32.8073,0.0000,0.0000,-14.0784
2198100,83.4500,5.2590,79.4900,3.3192,3.6032,0.4500,2.7303,1.9013,0.7055,0.2795,31.7913,2.8436,63.4466,17.6304,0.0000,0.0000,-15.2000
2202600,34.9300,2.4002,590.4700,3.3414,3.1650,0.6165,2.5419,1.6610,0.6930,0.2473,46.9364,3.5834,70.5192,13.7891,0.0000,0.0000,-12.8470
2212600,159.4500,7.2551,187.9600,3.3719,4.0177,0.9270,5.5115,4.2110,0.8729,0.2927,1.0586,1.0498,37.5340,35.6006,0.0000,0.0000,-14.1000
2215100,113.0800,4.5335,420.2900,3.3544,3.1587,0.1516,2.4089,1.7714,0.6834,0.2946,1.1812,2.3572,58.9577,24.3901,0.0000,0.7176,-12.5398
2216180,83.5300,5.3025,129.1100,3.4091,3.1891,0.4884,2.7055,1.7232,0.6975,0.2262,31.6720,3.4215,67.1196,15.3485,0.0000,0.0000,-15.2000
2221525,176.0100,7.5518,490.8000,3.3591,3.1424,0.8252,4.5455,3.4641,0.8205,0.3060,1.1425,1.0728,39.3200,37.4644,0.0000,0.0000,-14.0988
2231000,38.7100,2.1870,1748.3700,3.7194,3.4049,0.9529,4.2528,2.0682,0.7925,0.0919,48.9348,6.2043,72.5626,7.0588,0.1954,0.0000,-13.0101
2231342,21.9000,0.9460,111.5600,3.7835,3.4984,0.1387,1.9452,1.0490,0.6091,0.1615,49.4774,8.2189,90.2848,3.4588,0.0000,0.0122,-12.9854
2235200,26.2500,3.6758,297.7000,3.7435,4.1242,0.6142,2.8711,1.5471,0.6633,0.1329,38.9433,9.6540,77.3543,2.8892,3.9588,0.0000,-13.0000
2245500,41.4500,4.1438,348.4300,3.7560,3.8102,0.8235,3.5740,1.6526,0.7198,0.0968,41.3025,8.8781,85.9712,3.0946,0.5687,0.0000,-13.0000
2246000,34.5700,4.0096,451.0600,3.7032,3.2868,0.8293,3.4196,1.7305,0.7185,0.1091,43.7016,6.6691,86.4218,5.9416,1.3672,0.0000,-13.0000
2296500,31.2300,1.7163,886.4000,3.6802,3.5080,0.1676,2.0579,1.1071,0.6319,0.1563,48.4763,7.7351,86.1627,4.3753,0.0000,0.0000,-11.4310
2297155,35.5100,1.2462,93.6000,3.9681,3.8672,0.1264,1.3653,0.7443,0.5190,0.1465,49.7681,8.4825,91.1589,3.4425,0.0000,0.0000,-13.0708
2297310,25.7100,1.1812,528.3800,3.8417,4.0429,0.1446,1.7976,0.9960,0.5973,0.1567,49.6382,7.8638,88.9738,4.1996,0.0000,0.0000,-14.3133
2298123,21.7500,0.8222,540.6500,3.6844,3.5256,0.1369,1.7564,0.8833,0.6043,0.1494,49.8745,8.2768,84.6840,3.8386,0.0000,0.6148,-11.9556
2298608,22.7900,1.6186,312.3400,3.8963,3.6226,0.0756,1.6151,0.8510,0.5747,0.1452,49.4084,8.0914,87.9324,3.7478,0.0000,0.0000,-13.0599
2299950,33.6700,1.6149,174.2700,3.9628,3.5227,0.0572,1.5896,0.7753,0.5549,0.1201,49.3512,8.7979,91.9758,3.0069,0.0000,0.0000,-13.0000
2300700,25.4600,2.8866,73.8400,3.8965,4.3533,0.0836,1.4130,0.7233,0.5456,0.1343,49.3475,9.0475,87.1400,2.8560,0.0000,0.0073,-13.6311
2310947,42.2300,1.8791,649.5600,3.7608,3.5473,0.3118,2.7456,1.5781,0.6790,0.1658,36.2955,7.4770,78.7013,5.4152,0.0006,0.1419,-11.1176
2312200,34.1100,1.6418,413.4800,3.5931,3.7802,0.4082,2.9341,1.7080,0.6963,0.1730,20.4281,6.4898,84.8948,6.8089,0.0000,0.4899,-11.4552
2314500,42.0500,1.5645,3322.1500,3.6519,3.4779,0.9741,4.7582,2.4207,0.8261,0.0938,49.3555,6.2441,69.0605,7.0609,0.0000,0.0000,-11.7986
2315500,39.9900,2.0212,6136.2600,3.6673,3.7085,0.9266,4.8202,2.4006,0.8274,0.0887,49.4830,5.9199,71.2099,7.5097,0.1569,0.0000,-12.2690
2324400,31.1400,0.9216,176.2700,3.8517,3.8165,0.8795,4.4203,2.1114,0.8225,0.0987,49.2925,13.9557,37.2207,1.8462,0.0000,0.0000,-13.0000
2327100,25.1400,1.5606,271.1200,4.1684,3.2689,1.0000,4.7758,2.1852,0.8578,0.0777,49.2993,10.5240,63.3663,2.7028,0.0000,0.0299,-12.9641
2342933,127.7000,7.9902,290.1000,3.8146,3.2751,0.9083,4.9180,3.5142,0.8321,0.2565,1.6797,2.4802,57.6555,20.0715,0.0000,0.0000,-12.7573
2349900,116.1900,3.4110,122.8700,3.3915,3.1570,0.0989,1.8519,1.4255,0.6556,0.3165,1.2057,2.4074,59.6153,23.9249,0.0000,0.8667,-12.2525
2350900,139.7700,6.7476,1365.1200,3.6358,3.1565,0.3941,3.2332,2.2650,0.7290,0.2584,1.1966,2.9915,64.5419,18.6181,0.0000,0.0102,-12.5837
2361000,117.1400,8.2704,1781.6100,3.9580,3.2906,0.4408,2.9741,2.1335,0.7182,0.2721,3.8903,2.9704,63.3600,18.4251,0.0000,0.0000,-14.2703
2363000,135.3900,7.5769,1292.5100,3.9604,4.1713,0.6350,3.7915,2.7686,0.7740,0.2838,3.6285,2.6242,58.0461,16.7062,0.0000,0.0000,-13.1690
2369800,72.2900,4.2203,227.5100,4.6198,3.7174,0.9643,4.7856,2.6565,0.8345,0.1200,37.1745,2.8563,57.3021,17.9662,0.0000,0.0000,-13.0000
2371500,125.8600,7.4260,1292.7900,3.9700,3.1476,0.6862,4.1655,2.9722,0.7923,0.2596,5.0557,2.1105,50.0425,16.6324,0.0000,0.0119,-13.1163
2372250,122.9400,7.2997,1145.2200,3.9831,3.1445,0.7608,4.2444,3.0203,0.7993,0.2574,6.1724,2.5478,56.6555,15.3358,0.0000,0.0158,-12.9898
2374500,109.8600,7.4089,445.7200,4.4196,4.3490,0.9490,4.4544,3.0048,0.8138,0.2172,5.4230,2.0905,52.7709,22.0937,0.0000,0.0000,-13.6157
2381600,512.0200,35.2973,10.3200,4.2715,3.0142,0.9330,4.9738,4.2490,0.8779,0.4287,1.0000,2.2000,16.8490,5.9598,0.0000,0.0000,-14.1000
2384540,499.4600,93.5598,21.3700,4.9278,2.7857,0.9600,4.9738,4.0551,0.8807,0.3705,0.9706,1.7699,39.3737,14.8550,0.0000,0.0000,-16.5000
2395120,250.6000,9.6093,84.0100,3.7537,2.9469,0.7132,4.3060,3.3468,0.8091,0.3298,1.0720,0.7271,22.5229,34.5364,0.0000,0.5290,-13.7867
2408540,242.2600,15.5755,682.4100,4.0656,3.1360,0.8204,4.8702,3.9004,0.8520,0.3612,1.1086,1.1780,25.8253,18.8809,0.0000,0.0000,-14.0771
2415000,270.5600,12.2524,491.3800,4.0551,3.0006,0.9106,4.6068,3.6710,0.8353,0.3527,1.1016,1.1204,28.7842,20.8540,0.0000,0.0000,-14.0917
2422500,144.8400,11.0565,527.5500,3.9981,3.0807,0.6695,4.0814,3.1127,0.8003,0.3135,3.8551,1.6110,35.7725,17.2563,0.0000,0.0000,-12.7146
2427250,102.6100,6.9305,675.2400,4.0434,3.9716,0.9336,5.0986,3.5389,0.8474,0.2276,2.0462,1.0105,24.9027,25.1313,0.0000,0.0000,-13.6538
2430085,150.0100,6.7298,40.5600,4.2327,2.9472,0.8644,4.1218,3.4000,0.8212,0.4081,1.0000,1.7015,46.0438,22.2245,0.0000,0.0000,-13.0000
2430615,132.8200,6.1180,28.7100,4.2412,2.9505,0.9889,4.7717,3.8813,0.8562,0.3849,1.0400,1.7022,46.2000,22.4000,0.0000,0.0000,-13.0000
2450250,254.9200,12.2732,231.8300,4.4095,3.0639,0.8413,5.1549,4.4510,0.8850,0.4503,1.0393,1.8349,29.2205,9.1942,0.0000,0.1501,-14.6896
2464000,143.6900,9.6660,578.9400,4.2723,3.0024,0.9846,4.7091,3.6929,0.8508,0.3439,1.1044,1.2787,18.6839,9.8205,0.0000,0.0000,-15.7248
2464146,140.8100,9.0494,15.8200,4.1597,3.0301,0.9571,4.4665,3.4443,0.8221,0.3220,1.0000,1.6064,42.2876,18.9672,0.0000,0.0000,-14.2806
2464360,114.1200,8.6362,148.6200,4.0981,3.1621,0.9717,4.5481,3.6926,0.8395,0.3666,1.0909,1.6198,44.5538,22.5787,0.0000,0.0000,-13.8919
2465493,101.5000,9.5397,83.4200,4.0435,3.5899,0.8617,5.0546,3.8343,0.8522,0.2998,3.9624,1.5926,44.0866,22.7868,0.0000,0.0000,-12.5809
2469800,78.1300,9.8644,422.6800,4.0960,3.2829,0.9839,4.8244,3.2240,0.8369,0.2116,4.5702,1.5637,45.6796,23.0826,0.0000,0.0000,-13.3145
2472000,123.2400,6.7665,1927.1300,4.1584,3.1677,0.6696,4.8092,3.3000,0.8296,0.2144,12.3199,1.0232,37.8147,29.0543,0.0000,0.0965,-12.0405
2472500,113.7300,6.7654,789.9400,4.2562,3.6185,0.5865,4.3528,2.8444,0.7998,0.1906,31.3262,1.6010,45.1705,21.2361,0.0000,0.0000,-11.9951
2479155,70.2100,6.6561,137.2800,4.4289,3.2005,0.9355,4.5126,2.5736,0.8474,0.1497,29.4091,2.7253,58.7314,16.4171,0.0000,0.0000,-11.6529
2479300,65.1900,5.8496,1144.2000,4.6186,3.2130,0.8895,4.6362,2.7703,0.8130,0.1490,34.9231,2.0404,51.6196,17.8307,0.1950,0.0000,-12.4162
2479560,64.6800,6.1466,1454.3300,4.6500,3.1851,0.8849,4.4472,2.6708,0.8038,0.1566,30.4418,2.2988,54.7379,16.8727,0.0000,0.0000,-12.3745
2481000,51.6600,5.6101,249.2300,4.7916,3.2156,0.8845,4.7265,2.7053,0.8154,0.1351,34.8457,1.7210,46.6281,20.1257,0.0000,0.0000,-12.2024
2481510,64.0000,5.1346,800.6600,4.6208,3.2161,0.7816,4.8139,2.8634,0.8180,0.1460,31.4830,2.0247,50.9652,18.6631,0.0000,0.0000,-11.8855
3010655,635.0600,32.9523,254.4400,3.2846,2.2613,0.9918,4.9495,4.3874,0.8871,0.5254,1.1622,1.2612,31.9837,15.8940,0.0000,0.0000,-15.1986
3011800,628.7100,19.7767,100.1000,3.5894,2.2532,1.0000,4.9967,4.4616,0.8856,0.5267,1.0120,1.6493,42.0086,17.6211,0.0000,0.0000,-13.1728
3015500,492.5600,22.0475,784.8500,3.5991,2.2613,0.9837,4.4362,3.8708,0.8622,0.4992,6.9697,1.2384,31.9917,14.9523,0.0000,0.0000,-15.4660
3021350,485.4000,20.0256,239.6700,3.6857,2.2654,0.9747,3.8600,3.3001,0.8408,0.4972,9.9681,0.9930,22.8755,13.8848,0.0000,0.0000,-16.3597
3026500,577.2300,15.8297,20.3100,3.5396,2.2625,1.0000,4.8933,4.3763,0.8769,0.5311,1.0000,1.6527,42.0959,17.6466,0.0000,0.0000,-14.1475
3028000,569.0200,18.2911,161.1100,3.4643,2.2631,0.9796,5.0751,4.4993,0.8902,0.5190,1.0000,1.6316,41.5179,17.4660,0.0000,0.0000,-13.9250
3049000,365.2700,16.0052,357.1500,3.2925,2.3794,0.7165,3.9166,3.3963,0.8161,0.4843,1.0619,1.1594,31.5845,19.7341,0.0000,0.0000,-15.1617
3049800,296.6000,21.3052,14.8900,3.0270,2.4328,0.2546,4.7949,4.2079,0.8649,0.4680,1.0000,1.0392,27.2737,19.3960,0.0000,0.0000,-16.0333
3050000,998.8200,65.7635,487.2900,3.8731,2.4806,0.9766,4.7093,4.1481,0.8890,0.5289,1.5357,0.9937,26.7364,19.0022,0.0000,0.0552,-14.9513
3066000,1072.0100,68.6990,222.7900,4.1604,2.4500,0.9532,4.1645,3.6224,0.8313,0.4786,1.3153,1.1010,29.1039,19.8521,0.0000,0.3204,-14.2876
3069500,961.4600,63.7930,1856.8500,4.0735,2.4463,0.9408,4.7256,4.1222,0.8756,0.4917,1.0718,1.1056,27.9228,17.6531,0.0000,0.1381,-14.8012
3070500,599.7300,30.1939,517.3800,3.7002,2.4349,0.7170,4.4942,3.9326,0.8574,0.4943,1.1331,1.2427,34.6014,19.1852,0.0000,0.0018,-15.2815
3076600,795.4600,21.4669,127.4000,3.6537,2.4392,0.8242,4.1184,3.5489,0.8344,0.4747,1.0244,1.4753,32.3586,13.9789,0.0000,0.0000,-14.6633
3078000,767.0600,30.5734,161.4800,3.5092,2.4374,0.8405,3.9584,3.4326,0.8250,0.4702,1.1351,1.6891,43.0354,17.2810,0.0000,0.0000,-15.9667
3140000,287.7000,15.8228,70.3500,2.9131,2.4427,0.7138,2.6386,2.2345,0.7524,0.4442,1.0000,0.7535,17.9679,23.5524,0.0000,0.0000,-16.5000
3144000,292.2800,13.1107,363.4100,2.9946,2.4525,0.7303,3.7816,3.2892,0.8124,0.4761,11.2261,0.8821,22.5530,20.2075,0.0000,0.0000,-16.1342
3159540,232.8000,10.0816,400.8500,3.1457,2.5159,0.8237,4.7308,4.2075,0.8661,0.5099,1.1452,0.5246,11.4179,35.2334,0.0000,0.0000,-16.5000
3161000,834.2100,57.2021,527.8600,4.0472,2.6985,0.9955,4.7572,3.9558,0.8591,0.4144,1.0891,1.4317,41.2406,20.6646,0.0000,0.0000,-14.1000
3164000,766.6000,45.8025,2952.7400,3.7405,2.6683,0.9348,4.6225,3.8094,0.8527,0.4115,1.0447,1.3999,40.9869,21.5268,0.0000,0.0000,-14.0123
3165000,707.6300,45.4663,102.0000,3.6715,2.6654,0.8448,4.5251,3.5067,0.8390,0.3649,1.0279,1.1553,35.5306,22.9922,0.0000,0.0000,-14.8399
3170000,713.7400,32.9634,794.6400,3.3221,2.8168,0.8847,4.6065,3.7574,0.8462,0.4020,1.0370,1.3477,41.3954,24.4822,0.0000,0.0047,-14.3792
3173000,750.9500,46.9835,773.3200,3.0229,2.6330,0.8116,4.5989,3.9347,0.8578,0.4445,0.9965,0.9651,32.3454,26.8787,0.0000,0.1744,-15.3197
3180500,1057.0300,44.2624,345.0600,3.7828,2.4861,0.9877,4.7205,4.1829,0.8781,0.5145,1.0541,1.1508,29.1678,16.3040,0.0000,0.0214,-15.1304
3182500,934.5100,59.7077,1364.9700,3.5523,2.5194,0.9922,4.7869,4.1648,0.8742,0.4841,1.1213,1.1692,30.0354,16.8960,0.0000,0.0968,-14.9304
3186500,1057.6100,61.1780,329.6800,4.1429,2.5150,0.9927,4.6723,4.0658,0.8822,0.4956,1.0059,0.9689,26.7562,20.3259,0.0000,0.0000,-15.2000
3187500,1061.9500,60.1806,207.4100,4.1344,2.5210,0.9918,4.6499,4.0091,0.8773,0.4746,1.0125,1.1663,30.9029,16.4298,0.0000,0.0000,-15.1617
3213700,611.9200,37.9826,2425.0600,3.4754,2.6124,0.9792,5.0069,4.5246,0.8805,0.5501,1.0236,1.5673,39.5370,17.4316,0.0000,0.0053,-15.4761
3237280,248.5100,31.5259,32.9500,3.5284,2.5548,0.9863,5.0709,4.5774,0.8854,0.5421,1.2034,0.7287,15.9333,22.0000,0.0000,0.0085,-16.4139
3237500,272.3600,14.2230,1003.2100,3.2265,2.5529,0.5206,2.9966,2.5698,0.7611,0.4443,4.2603,0.5998,14.5422,30.8068,0.0000,0.2155,-15.4558
3238500,285.3700,7.5191,568.5000,3.2527,2.5561,0.1747,2.1063,1.7866,0.7061,0.4315,41.9183,0.6429,15.9606,29.8421,0.0000,0.3364,-14.9187
3241500,319.8400,3.2784,170.9100,3.0702,2.5118,0.0257,2.2432,2.0392,0.7243,0.5468,43.9130,1.0050,31.5943,25.5987,0.0000,0.8715,-12.4039
3280700,540.3700,28.9567,158.2200,3.9906,2.7307,0.9910,5.1652,4.6689,0.8860,0.5462,0.9917,0.9736,27.2000,23.9000,0.0000,0.0000,-15.4907
3281100,403.4300,22.4823,422.7200,3.8162,2.6870,0.9463,5.1819,4.6837,0.8903,0.5467,1.0714,0.7603,20.8010,26.9075,0.0000,0.0000,-16.2624
3281500,376.4900,21.8686,1838.2200,3.8012,2.6716,0.9654,5.2045,4.7008,0.8922,0.5447,1.0941,0.8870,24.9496,24.9363,0.0000,0.0000,-16.1537
3285000,323.6000,12.0801,822.3400,3.5335,2.7066,0.5302,3.2643,2.7076,0.7687,0.4089,1.1714,0.5865,14.3562,32.2353,0.0000,0.5187,-13.9498
3291780,249.8300,14.4798,71.4100,3.6240,2.5843,0.7056,2.9056,2.5349,0.7756,0.4795,23.6814,0.6502,16.1470,28.7322,0.0000,1.0000,-11.8000
3300400,254.4300,9.3320,1128.5800,3.4579,2.7008,0.4901,3.2082,2.6642,0.7657,0.4117,1.2283,0.4504,8.1839,33.8876,0.0000,0.1952,-15.5792
3338780,213.2500,3.1947,691.5600,2.9159,2.4812,0.0378,2.5906,2.4572,0.7686,0.6394,48.0565,0.6867,19.2056,28.0081,0.0000,0.0941,-15.1955
3340800,268.1500,4.3704,357.6500,3.1172,2.5127,0.2735,2.3274,2.1159,0.7276,0.5443,45.7244,0.8712,25.0951,24.2666,0.0000,0.0168,-16.4173
3346000,173.5000,2.5794,814.6900,3.1331,2.6022,0.0951,2.0495,1.8308,0.6906,0.4870,45.8119,0.7365,17.9518,23.7138,0.0000,0.3987,-13.8606
3357350,258.6400,5.8500,7.7500,3.2202,2.5299,0.4476,2.2913,2.0150,0.7345,0.4968,41.0222,0.9645,28.8069,25.5306,0.0000,0.0815,-16.1169
3364500,274.5800,3.7961,237.0900,3.3486,2.5400,0.2772,2.1480,1.9159,0.7025,0.5055,48.4459,0.9236,27.1838,25.7816,0.0000,1.0000,-11.8000
3366500,240.1900,8.5048,755.2200,3.6157,2.5911,0.5748,3.0551,2.6794,0.7789,0.4836,36.6277,0.7793,20.6653,26.0524,0.0000,0.8574,-12.4703
3368000,264.1200,4.2626,29.7200,3.5090,2.5668,0.6327,2.8804,2.5464,0.7849,0.5005,39.0727,0.7785,21.0172,26.8367,0.0000,1.0000,-11.8000
3384450,166.3700,16.3660,111.1300,3.6695,2.7319,0.9130,5.0430,4.4471,0.8788,0.4844,1.1221,0.7705,18.2667,21.6667,0.0000,0.0000,-15.2000
3439000,863.1800,63.2312,178.6700,5.5607,2.7194,0.9948,4.9222,4.1768,0.8825,0.4203,1.0154,1.6197,43.5594,20.4980,0.0000,0.0000,-14.1000
3450000,891.9000,105.5969,14.0800,4.0946,2.7098,0.9721,4.7213,4.1030,0.8654,0.4552,0.9545,1.9504,48.3348,18.8647,0.0000,0.0000,-14.1000
3455500,1326.8200,91.6773,72.9500,5.8006,3.4238,0.9922,4.4319,3.7575,0.8554,0.4301,0.9815,2.1325,50.5325,16.0501,0.0000,0.0000,-14.1000
3456500,1162.1300,99.9522,133.4300,4.7874,2.7663,0.9658,4.4835,3.8262,0.8642,0.4424,0.9951,1.9696,48.9118,18.3336,0.0000,0.0000,-14.1000
3460000,1254.5300,116.2359,127.0200,4.4711,2.6528,0.9933,4.5250,3.7878,0.8650,0.4150,0.9895,2.0450,38.0057,12.9786,0.0000,0.0000,-13.8009
3463300,1025.6600,112.3412,112.1600,4.5653,3.0542,1.0000,4.6219,3.8094,0.8782,0.4027,0.9941,1.9148,48.5028,19.1739,0.0000,0.0000,-14.1000
3471500,1023.6200,69.4621,198.1600,3.4125,2.6036,0.8219,4.6033,3.9869,0.8645,0.4654,1.0233,1.0725,33.5365,24.2566,0.0000,0.3845,-13.5244
3473000,916.2900,56.6429,784.8100,3.4960,2.5874,0.8628,4.6995,4.0172,0.8655,0.4467,1.0725,1.0586,33.6401,25.6986,0.0000,0.3119,-13.4257
3479000,1040.0300,82.1910,235.6000,3.9732,2.6638,0.9873,4.8171,4.1774,0.8727,0.4603,1.0500,2.1268,50.4872,14.6881,0.0000,0.0000,-14.1000
3488000,812.9100,54.0591,578.2100,3.2742,2.6118,0.8315,4.4985,3.9393,0.8555,0.4781,1.0653,0.9132,32.6133,28.2717,0.0000,0.1816,-15.1605
3498500,680.9200,77.7116,696.7600,4.3305,2.6475,0.8376,4.6455,3.8841,0.8580,0.4124,1.0505,1.1227,25.4554,16.6940,0.0000,0.2059,-14.6682
3500000,808.8700,67.8974,361.1400,5.1950,2.8226,0.9577,4.7485,4.0141,0.8716,0.4312,1.0300,1.4953,39.3732,20.0610,0.0000,0.0000,-14.1000
3500240,967.1100,82.1698,145.8600,5.0381,3.0652,0.9592,4.6493,4.0374,0.8739,0.4811,1.0455,1.5627,42.6470,20.7430,0.0000,0.0000,-14.1000
3504000,1039.7100,86.4346,134.5200,5.6031,2.6989,0.9516,4.5452,3.9589,0.8730,0.4846,0.9899,1.9727,48.6256,18.4923,0.0000,0.0000,-14.1000
3574500,337.6100,47.6958,813.8000,4.2908,2.8576,0.8794,4.7636,4.2059,0.8699,0.4895,1.0742,0.9326,25.9731,25.2287,0.0000,0.5296,-13.0532
3592718,173.2200,6.6776,66.9900,4.2754,3.7611,0.9566,4.1832,3.3614,0.8229,0.3842,1.1200,1.6976,45.6531,21.9315,0.0000,0.0000,-12.7422
3604000,269.5300,10.2961,1163.0300,4.3502,2.9644,0.8342,3.9810,3.3722,0.8097,0.4242,1.1099,0.6586,15.9981,28.2043,0.0000,0.2192,-15.3696
4015330,337.6900,19.1686,224.3500,2.2398,1.9585,0.9911,5.2376,4.6163,0.8778,0.4884,16.4822,0.9063,35.8461,32.7614,0.0000,0.0000,-13.0436
4024430,343.4800,6.9332,1091.2500,2.2332,2.0116,0.9961,4.8121,4.3158,0.8714,0.5364,34.9543,1.3477,48.4311,21.5489,0.0000,0.0000,-13.3583
4027000,425.7500,9.3677,1619.8500,2.4234,2.0527,0.9959,5.1711,4.6595,0.8975,0.5467,24.2242,1.5349,50.6598,20.3608,0.0000,0.0000,-13.9437
4040500,497.2800,8.1021,419.8300,2.4397,2.2610,1.0000,4.6974,4.0420,0.8650,0.4392,26.6469,1.4619,34.2353,9.1508,0.0000,0.0000,-15.2173
4043050,239.4100,16.9632,76.6200,2.0726,2.1874,0.9769,4.8276,4.3010,0.8779,0.5250,12.5764,4.2408,70.5102,7.4192,0.0000,0.0000,-13.5013
4045500,236.7700,6.4085,1909.5900,2.5641,2.7932,0.9820,4.7032,3.9181,0.8671,0.4142,38.2546,6.2256,43.9913,3.4553,0.0000,0.6936,-13.2150
4056500,232.9900,4.9777,2945.8900,2.3960,2.0352,0.9888,4.3980,3.7286,0.8268,0.4292,42.7092,9.3958,54.6613,2.4794,2.1195,0.7579,-12.8981
4057510,228.8600,4.6622,473.5700,2.3563,2.0359,0.9814,4.6367,3.7818,0.8729,0.3870,38.6208,10.9146,59.8926,2.3634,0.0000,0.7576,-12.9392
4057800,476.2100,6.3961,115.8700,2.4904,2.0500,1.0000,4.6375,3.9159,0.8676,0.4197,9.5090,1.1726,27.9896,8.8908,0.0000,0.0000,-14.6509
4059500,314.0900,6.0783,1184.3700,2.1830,2.3349,0.9954,4.8049,4.1128,0.8768,0.4497,35.5941,2.4651,50.8298,12.0129,0.0000,0.4109,-13.6525
4063700,473.2800,5.5832,362.5700,2.3006,2.0434,0.9981,5.0421,4.3682,0.8863,0.4660,33.2254,3.8901,56.3835,6.7782,0.0000,0.0000,-13.5619
4074950,482.3100,7.4276,1205.5300,2.3719,2.3141,0.9667,4.8045,4.2522,0.8500,0.4938,24.2622,3.7716,64.7081,7.2585,1.7058,0.0000,-13.4489
4105700,277.9100,6.5732,98.0400,2.8004,2.3254,0.6706,2.5504,2.1892,0.7182,0.4573,30.9461,2.9048,64.0432,12.8676,0.0000,0.0000,-15.6936
4115265,254.5600,4.3569,95.7800,2.4973,2.2620,0.1706,1.9680,1.6366,0.6796,0.4363,31.7099,4.2558,72.0395,10.0634,0.0000,0.0000,-15.9413
4122200,244.6100,6.1721,1048.2800,2.6389,2.2277,0.7431,3.6956,3.2078,0.7931,0.4757,33.2400,5.2425,78.1463,6.5376,0.0000,0.0916,-15.8060
4122500,270.6100,7.8237,1769.1900,2.6139,2.2117,0.7555,4.4476,3.8700,0.8420,0.4829,32.0594,6.2932,80.1059,5.1934,0.0000,0.0896,-15.4606
4124000,336.6700,9.9270,2243.6300,2.4745,2.6047,0.7036,3.9109,3.3645,0.8074,0.4590,26.6910,7.2510,80.5813,4.2687,0.3306,0.0188,-16.1341
4127918,234.0500,5.2434,548.2900,2.6230,2.0280,0.9563,4.0141,3.2297,0.8324,0.3893,45.0930,1.9394,56.6466,15.6822,0.0000,0.7464,-12.9921
4127997,356.9700,12.2347,487.1600,2.5236,2.8823,0.7608,3.9619,3.5080,0.8203,0.5043,14.5077,5.4320,63.7051,5.4493,0.0000,0.1733,-15.6474
4161580,277.3000,7.5313,64.3100,2.4786,2.2824,0.3152,2.4198,2.0910,0.6937,0.4563,29.3889,2.2605,52.7846,16.6387,0.0000,0.0000,-16.5000
4185000,250.6400,3.3282,1064.0000,2.5880,2.3762,0.2041,1.8459,1.6029,0.6800,0.4866,43.7075,0.8677,30.0473,28.2739,0.0000,0.0000,-16.4001
4196800,276.6600,2.5238,608.0700,2.6746,2.4541,0.0048,1.8141,1.6041,0.6713,0.4951,48.0475,0.6275,17.4918,34.1047,0.0000,1.0000,-11.8000
4197100,298.4600,2.9317,388.2100,2.7585,2.4451,0.0067,1.8372,1.6038,0.6803,0.4882,46.0694,0.7242,19.8499,29.1256,0.0000,0.2029,-15.3924
4197170,275.0400,3.3292,95.2100,2.7128,2.4123,0.0059,1.7088,1.4522,0.6606,0.4538,45.0063,0.7519,20.7639,29.6239,0.0000,0.7569,-12.9427
4213000,322.7200,10.2010,455.3000,3.2589,2.3093,0.9317,4.2517,3.7251,0.8474,0.5183,23.3672,0.9095,22.0640,15.5749,0.0000,0.0000,-15.4256
4213075,358.1700,13.8575,11.6500,3.2576,2.3082,0.9686,3.2732,2.8003,0.7831,0.4743,29.4500,0.8474,18.0359,14.6425,0.0000,0.0000,-15.9184
4216418,533.5500,22.2651,196.4700,3.1540,2.2321,0.9172,3.8882,3.3788,0.8390,0.5130,7.3676,0.9696,23.3847,17.3335,0.0000,0.0000,-16.2122
4221000,658.4100,27.0663,750.8800,3.1755,2.2705,0.9690,3.9561,3.4392,0.8324,0.5051,4.1176,1.3011,33.3878,14.7977,0.0000,0.0000,-16.0641
4224775,519.4500,36.9333,231.8400,2.9144,2.2447,0.8681,4.3015,3.7519,0.8526,0.4976,4.0528,0.9745,22.7720,16.7191,0.0000,0.0000,-16.2436
4233000,434.0100,40.0869,91.9000,2.8704,2.2448,0.9837,4.5369,3.9765,0.8672,0.5091,3.0066,0.9115,21.2127,17.7294,0.0000,0.0000,-16.4933
4256000,486.4900,16.9463,232.4500,3.6410,2.1932,1.0000,5.2027,4.4683,0.8926,0.4723,12.1303,2.7666,59.0051,9.2440,0.0000,0.0000,-13.9037
4296000,390.9900,40.5147,302.1900,3.6153,2.1908,1.0000,4.6045,3.9417,0.8723,0.4725,4.4695,2.1022,48.4137,12.0712,0.0000,0.6646,-12.7163
5056000,493.5000,4.3870,4862.0200,1.3008,2.0402,0.0042,1.8198,1.6145,0.6253,0.4720,41.4872,1.8192,45.5814,15.8215,0.3686,0.0000,-13.5543
5057000,480.8700,4.0890,7582.4600,1.3500,2.0207,0.0063,1.9007,1.6977,0.6389,0.4887,41.5074,1.7541,44.0977,16.3260,0.5625,0.0000,-13.6233
5057200,447.5000,2.3390,1897.3300,1.4518,2.0383,0.0165,2.0694,1.8793,0.6745,0.5448,48.8357,1.7137,42.2770,16.5000,0.0000,0.0000,-13.5073
5062500,428.2700,5.8256,2407.0500,1.8882,2.0241,0.6171,3.0211,2.7664,0.7449,0.5574,39.8680,1.8417,49.1426,18.1136,1.4783,0.0000,-13.7416
5087500,306.7200,1.8495,600.8200,1.6368,1.9645,0.1448,2.2419,2.0332,0.6998,0.5280,50.0000,2.1217,59.6582,12.8611,0.0000,0.0000,-13.7523
5120500,515.7700,5.8504,1509.8300,1.3118,2.0388,0.0019,1.8233,1.6117,0.6221,0.4699,42.1546,1.5624,44.9671,19.7013,0.0000,0.0000,-13.7671
5123400,492.0600,4.5816,3206.1000,1.3523,1.9529,0.0461,2.2343,2.0213,0.6671,0.5046,42.0713,1.3978,39.5223,18.3983,0.4870,0.0000,-13.7206
5129115,428.2100,6.9500,2357.5900,1.9731,1.9006,0.9664,3.6076,3.0095,0.7258,0.3505,11.1073,2.7838,50.9224,9.4843,10.7848,0.0000,-14.0593
5131500,413.1700,5.7533,4383.5100,1.9965,1.9215,0.9729,4.2484,3.6032,0.8415,0.4299,38.6673,1.2743,35.3006,21.1708,1.0280,0.0000,-14.2673
5291000,432.1300,8.9013,1046.7800,1.7352,2.2372,0.0059,2.1529,1.9126,0.6928,0.5131,38.6226,1.1060,34.8452,26.1177,0.2135,0.0000,-13.9127
5362000,434.0100,5.6153,1477.2900,2.3585,2.0817,0.9909,4.7050,4.2541,0.8761,0.5649,40.5746,1.8313,42.3802,10.3164,0.0000,0.0000,-13.6393
5393500,487.0700,7.1856,220.4400,2.3884,2.0864,1.0000,4.7800,4.2895,0.8835,0.5459,36.1295,2.5501,55.2346,10.0933,0.0000,0.0000,-14.1000
5399500,408.6100,4.5674,576.3000,2.2820,2.1276,0.7338,2.2744,1.9642,0.7369,0.5021,41.9424,1.3244,34.7002,14.7703,0.0000,0.0000,-13.7795
5408000,348.3500,18.5276,689.3300,2.4864,2.2245,0.9563,3.5012,3.1410,0.8278,0.5592,1.7795,0.8519,17.8937,19.8750,0.0000,0.4448,-12.1886
5412500,327.6500,8.0192,3858.2100,2.6883,2.2730,0.5276,2.5592,2.3406,0.7689,0.5839,24.7034,0.9832,29.4405,21.0802,0.0000,0.7015,-13.2029
5413500,280.2900,14.2937,695.3300,2.6513,2.2836,0.5990,2.6453,2.3285,0.7620,0.5101,1.0628,0.6533,14.6734,25.5441,0.0000,0.6413,-12.0511
5414000,291.5100,11.7451,370.7900,2.7073,2.2773,0.4849,2.5202,2.1859,0.7506,0.4875,1.5075,0.6517,14.3002,25.3147,0.0000,0.6913,-12.0161
5444000,241.5300,6.3420,376.3500,2.8061,2.3827,0.1186,2.6760,2.5014,0.7928,0.6379,26.3688,0.6518,14.2470,25.3148,0.0000,0.8534,-12.1966
5454000,225.3900,4.6154,65.3800,2.7470,2.3870,0.0902,2.4812,2.2389,0.7536,0.5491,39.0259,0.6924,16.7634,25.6937,0.0000,1.0000,-11.8000
5458000,355.9700,4.6145,776.7600,2.5679,2.2589,0.2524,2.5478,2.3982,0.7884,0.6522,45.3020,1.3775,40.6642,21.0744,0.0000,0.9852,-11.8694
5466500,222.0900,4.9570,1151.5700,2.7304,2.4414,0.0954,2.5323,2.3365,0.7591,0.5898,38.1003,0.6640,15.1990,24.5796,0.0000,0.0331,-15.5393
5487980,309.9600,6.2113,882.7300,2.6856,2.4296,0.2602,2.1314,1.8514,0.7021,0.4589,27.9914,0.6968,18.7146,29.0003,0.0000,0.1289,-15.8028
5488200,282.3700,6.5663,234.2100,2.6635,2.4289,0.4427,2.0727,1.8135,0.7157,0.4929,31.1854,0.6325,13.8114,27.1877,0.0000,0.0000,-16.5000
5489000,281.3800,6.4391,964.7600,2.6809,2.4354,0.3304,2.3526,2.0679,0.7252,0.4776,26.8311,0.7220,19.3923,28.2024,0.0000,0.0043,-16.4793
5495000,236.6500,5.8288,1027.5500,2.7298,2.4958,0.2856,2.0403,1.7626,0.7051,0.4682,35.6749,0.7596,23.3234,31.1214,0.0000,0.1989,-15.5626
5495500,203.5500,4.2176,905.5600,2.7529,2.5344,0.1464,2.1243,1.8954,0.7221,0.5216,44.2221,0.6141,14.4107,29.4886,0.0000,0.7894,-12.7395
5501000,215.8800,5.3053,922.8300,2.8204,2.5629,0.1158,2.0200,1.7451,0.6914,0.4525,39.3506,0.6184,17.0490,34.2955,0.0000,0.9048,-12.1192
5503800,232.7900,3.6971,212.6400,2.9459,2.5779,0.0760,1.8298,1.5668,0.6685,0.4385,47.8378,0.6035,16.9451,35.8413,0.0000,0.1020,-14.8532
5507600,232.7700,1.8095,275.3800,2.9205,3.5703,0.0387,1.7866,1.5464,0.6533,0.4406,48.5116,0.5422,12.6218,34.7818,0.0000,0.8291,-12.3810
5508805,223.6900,4.6271,536.4000,2.8725,2.6949,0.0858,2.0431,1.7742,0.6813,0.4475,33.0219,0.5696,14.0748,34.1450,0.0000,0.6674,-12.9310
5514500,226.2200,7.4193,2407.4100,2.9482,2.6135,0.2339,2.0812,1.7754,0.6795,0.4181,31.3606,0.6013,16.7158,35.6093,0.0000,0.7496,-12.6513
5525500,217.3300,2.7373,1158.7600,2.8466,2.4664,0.0268,2.4633,2.3424,0.7557,0.6365,49.2961,0.6303,17.3176,28.5466,0.0000,0.4830,-13.9750
5556500,217.9700,6.1793,505.0900,2.7831,2.3917,0.1229,2.6672,2.5202,0.7877,0.6430,43.2203,0.6793,16.4172,25.6687,0.0000,0.5295,-13.2329
5584500,197.8300,3.9167,1695.6700,2.7704,2.5051,0.1497,2.4388,2.2452,0.7513,0.5759,46.1626,0.6225,13.9530,27.8535,0.0000,0.5388,-13.6542
5585000,197.9600,4.5658,3354.6100,2.7668,2.5128,0.2020,2.3575,2.1475,0.7414,0.5542,43.4108,0.6217,14.1009,28.2278,0.0000,0.4446,-14.0850
5591550,211.2100,3.7128,96.2100,2.8999,2.5839,0.0151,2.3901,2.2676,0.7389,0.6210,49.1875,0.6985,17.7772,25.3649,0.0000,0.0000,-15.2000
5592050,191.1600,3.7138,254.1200,2.8329,2.5908,0.0709,2.2018,2.0337,0.7129,0.5563,46.5679,0.6390,16.0489,27.7323,0.0000,0.0000,-15.2000
5592575,176.4700,1.5653,115.2500,2.9834,2.6733,0.0625,2.0650,1.8005,0.6841,0.4457,45.2278,0.6942,16.0266,24.3625,0.0000,0.0000,-15.2000
5593575,153.4300,3.1359,217.6700,2.9644,2.6755,0.0737,1.8416,1.5104,0.6851,0.3979,46.9589,0.6815,15.4049,24.4155,0.0000,0.7658,-12.5964
5593900,196.8200,3.0301,145.4500,2.8618,2.6218,0.0715,2.0207,1.7924,0.6810,0.4801,46.4310,0.5644,12.0507,30.2379,0.0000,0.9976,-11.8081
5595730,151.5800,3.3652,236.7600,3.1007,2.6710,0.0879,2.1332,1.8156,0.7058,0.4334,45.7328,0.7111,16.5711,23.8634,0.0000,0.7492,-12.6527
6037500,2412.2900,37.6462,1126.2500,2.4058,2.6038,0.8534,1.4139,0.8630,0.5286,0.1752,2.3811,2.5145,54.7485,14.0200,0.0000,0.0002,-12.7442
6043500,2374.1100,116.5636,2120.4200,2.1983,2.6899,0.7832,1.8232,1.2670,0.6081,0.2407,0.8512,1.4765,41.2797,19.3809,0.0000,0.0946,-14.4232
6154410,1168.6200,49.8248,33.4100,1.2909,2.0662,0.1990,2.4082,1.7148,0.6727,0.2585,1.0674,1.4182,39.5983,23.6033,0.0000,0.4288,-13.3545
6188000,2569.5900,104.8396,1730.2800,2.2527,2.5317,0.7820,1.3150,1.0268,0.4953,0.2757,0.8597,1.9789,50.1550,18.6659,0.0000,0.0948,-12.6740
6191500,2547.9500,94.0582,6783.5900,2.1639,3.3327,0.7861,1.3232,0.9783,0.4827,0.2377,2.4062,2.1027,51.3814,16.8802,4.9652,0.0330,-12.9291
6221400,3336.8000,127.1644,227.8800,1.5506,3.0048,0.2970,0.5714,0.4227,0.2480,0.1224,0.5890,2.0725,46.6500,15.4673,0.0000,0.0941,-14.1412
6224000,3116.8200,105.1464,484.8600,1.4790,2.5852,0.3870,0.7360,0.4777,0.3120,0.1267,0.5619,1.4561,38.4527,20.5534,0.0000,0.0362,-14.1064
6278300,2953.3700,86.7268,58.8500,1.9339,2.5518,0.5225,0.8693,0.6373,0.3767,0.1862,0.7379,2.4292,24.3355,6.5405,0.0000,0.0000,-14.0554
6280300,3003.5200,141.1889,793.9500,1.9521,2.5440,0.5853,0.7856,0.5471,0.3379,0.1526,0.5936,2.3478,53.5483,16.2731,0.0000,0.0000,-13.6275
6289000,2507.9900,86.4255,471.2700,1.7218,2.4897,0.6859,1.8838,1.3209,0.6254,0.2478,0.7087,1.3590,25.1367,16.7370,0.0000,0.7588,-12.1444
6291500,2238.4900,100.8353,217.9600,1.5622,3.1041,0.5915,1.5939,1.2609,0.5746,0.3250,0.8378,1.0492,26.0155,22.7215,0.0000,0.4068,-13.8996
6311000,2515.8700,41.0532,61.2300,1.4566,2.4415,0.3219,1.3924,0.9521,0.5262,0.2166,0.8972,2.4869,42.2252,12.8261,0.0000,0.0198,-14.2821
6332515,683.6900,21.5141,191.4900,1.2116,2.4752,0.0000,1.3925,1.1993,0.5407,0.4085,1.0749,0.8939,16.1362,16.9916,0.0000,0.0000,-13.0452
6339100,759.2700,10.7609,529.1400,1.1556,2.1186,0.0000,1.2983,1.0959,0.5079,0.3625,1.1433,0.8745,19.4365,20.1075,0.0000,0.0000,-13.0237
6339500,711.3200,10.6007,3171.4600,1.1364,2.1598,0.0002,1.2838,1.0875,0.5032,0.3625,4.4023,0.9627,19.1037,17.7629,0.0000,0.0000,-13.2317
6344600,796.5700,7.8980,402.5000,1.1369,2.1298,0.0000,1.2917,1.0903,0.5047,0.3573,1.2137,0.8305,18.5072,20.8424,0.0000,0.0000,-13.0372
6350000,833.7700,7.6145,1501.0500,1.0780,2.1747,0.0000,1.3730,1.1901,0.5038,0.3704,1.4106,0.8634,16.9290,17.8067,0.0000,0.0000,-13.0304
6352000,840.9700,7.2504,1441.8300,1.0957,2.3346,0.0000,1.3274,1.1455,0.4994,0.3671,1.5292,0.9669,18.6419,16.0889,0.0000,0.0000,-12.9728
6353000,767.7100,9.5449,4526.5100,1.1352,3.0431,0.0001,1.2441,1.0572,0.4917,0.3504,1.8247,1.0021,19.4769,15.8089,0.0000,0.0000,-13.1298
6354000,743.8800,9.7419,10598.1900,1.1382,2.6407,0.0001,1.2657,1.0786,0.4959,0.3545,2.1424,1.0283,20.0565,15.4392,0.0000,0.0000,-13.0703
6360500,802.4800,10.5114,12654.9600,1.1872,2.2793,0.0001,0.9896,0.7985,0.4156,0.2728,6.0266,1.0555,19.1351,14.4924,0.0270,0.0000,-15.4093
6404000,1506.1000,44.5763,151.8300,1.5408,2.4086,0.7102,2.0463,0.9855,0.6763,0.1417,0.9289,1.2964,24.7691,16.3987,0.0000,0.0000,-14.0612
6406000,1337.4000,35.1113,436.3400,1.4282,2.3713,0.5327,1.6863,0.9424,0.5893,0.1789,1.5724,1.2679,27.8538,17.3449,0.0000,0.0605,-14.3357
6408700,2018.1400,35.3511,20.8000,1.8381,2.3532,0.9795,2.6523,1.6548,0.7393,0.2097,0.9388,0.9035,27.4667,29.5333,0.0000,0.8395,-12.2330
6409000,1960.2800,31.3792,205.3300,1.7334,2.6029,0.7952,2.3951,1.5787,0.6906,0.2317,0.9685,0.9587,27.1204,27.2049,0.0000,0.7650,-12.5115
6431500,1889.6400,36.2276,427.1000,1.9652,2.9064,0.9044,3.0076,2.1113,0.7634,0.2752,0.9972,1.1036,32.0469,24.8363,0.0000,0.6227,-12.9291
6440200,756.8400,9.7900,649.1900,1.3160,2.3640,0.0000,0.8674,0.6870,0.3701,0.2272,7.4051,0.6848,13.9161,20.1903,0.0000,0.0000,-15.9866
6441500,683.4200,12.4719,8152.5500,1.3095,2.3351,0.0005,1.0647,0.8694,0.4393,0.2895,11.9035,0.5116,9.0062,24.2819,0.0000,0.0000,-15.0168
6447000,1057.1200,14.4093,12849.7100,1.3132,2.7255,0.0358,1.0189,0.7989,0.4166,0.2478,9.9881,1.0255,16.6906,9.9578,0.0241,0.0143,-14.9252
6447500,1040.9000,6.4968,826.6100,1.4372,2.4158,0.0000,0.9912,0.7805,0.4232,0.2563,36.6281,1.7089,43.1826,8.6183,0.0000,0.0000,-14.3476
6450500,912.4200,10.4166,4111.2700,1.4714,2.3672,0.0001,1.1391,0.9175,0.4707,0.2935,23.8782,1.7055,50.0591,7.8005,0.0000,0.0000,-14.5376
6452000,923.2400,12.7376,25791.0400,1.3821,2.4092,0.0242,1.1020,0.8843,0.4524,0.2813,11.8790,0.8842,21.6577,14.8187,0.0120,0.0096,-14.9098
6453600,569.4600,12.7754,2101.4200,1.7177,2.3858,0.0217,1.4972,1.2296,0.5790,0.3572,22.3015,0.7516,27.0190,20.0043,0.0000,0.0035,-15.5719
6464500,768.5300,9.0792,2914.0400,1.5464,2.4017,0.0109,1.2962,1.0524,0.5305,0.3375,30.0306,2.9862,58.9836,6.8906,0.0513,0.0000,-14.8514
6468170,516.4100,4.6838,2809.1000,1.3077,2.0656,0.0030,1.8644,1.6708,0.6452,0.5074,46.1121,1.7729,44.4582,17.0544,0.0880,0.0000,-13.7404
6468250,508.6600,4.5334,3242.6100,1.3198,2.8503,0.0031,1.8859,1.6875,0.6482,0.5062,46.1197,1.8171,45.8477,16.5321,0.1617,0.0000,-13.6027
6470800,423.2600,3.5468,1071.1400,1.5576,2.1052,0.0061,2.2100,2.0097,0.7002,0.5589,49.8586,1.6749,43.7398,18.2928,0.0000,0.0000,-13.6636
6477500,466.0300,5.2110,1512.4400,1.6800,2.3353,0.0000,1.4706,1.2168,0.5786,0.3706,44.8991,0.9528,31.2078,30.6335,0.1842,0.0000,-13.9939
6479215,569.2400,6.4308,175.2800,1.8068,2.1791,0.0000,1.9863,1.7296,0.6683,0.4783,41.9248,1.2661,40.2058,21.3482,0.0000,0.0000,-13.2286
6479438,554.2500,5.0692,951.9100,1.7646,2.2410,0.0027,1.9241,1.6828,0.6606,0.4813,43.2713,1.0252,30.0584,21.0542,0.4144,0.0000,-13.6154
6601000,415.2000,9.0517,450.2000,2.1150,2.4016,0.0365,2.3441,2.1508,0.7415,0.5730,20.4751,0.7757,16.0094,17.7066,0.0000,0.0000,-15.9550
6614800,3296.8300,145.8440,4.0300,2.9176,3.7755,0.8210,1.0306,0.7444,0.4086,0.2000,0.5714,2.4897,28.4667,6.6667,0.0000,0.0000,-13.1665
6622700,2837.3400,71.3418,98.7000,2.2571,3.3313,0.7496,2.1413,1.3558,0.6767,0.2193,2.2000,2.3898,51.9802,15.6628,0.0000,0.0060,-14.2348
6623800,2970.5100,90.8709,187.6600,2.8685,3.0462,0.9211,1.9012,1.2962,0.6395,0.2281,1.1400,2.3135,52.8031,15.8219,0.0000,0.0000,-13.8248
6632400,3001.5600,69.0399,162.9900,2.2464,3.2754,0.7266,1.8610,1.1604,0.6294,0.2148,2.5188,2.1672,46.7856,15.4579,0.0000,0.0000,-13.5400
6746095,3370.3800,121.4222,8.9000,2.7550,2.9864,0.8210,1.6228,1.1138,0.5763,0.2235,0.5882,2.7708,44.3345,8.3105,0.0000,0.0000,-13.5560
6784000,790.2900,7.8722,6019.7400,1.7451,2.4764,0.0143,1.4296,1.1960,0.5662,0.3699,29.8525,1.1655,37.5903,11.0720,0.0000,0.0000,-15.2000
6803510,373.2600,8.1169,113.2800,2.1049,2.4954,0.0000,1.5881,1.3550,0.6195,0.4241,28.7462,0.6402,17.8988,34.3500,0.0000,0.0000,-15.2000
6803530,377.4500,8.3003,309.7500,2.1426,2.4863,0.0000,1.7908,1.6224,0.6643,0.5084,30.1636,0.5842,14.0684,32.9947,0.0000,0.0000,-15.2000
6814000,401.1800,7.5758,713.8300,2.4006,2.5772,0.0044,1.5366,1.2866,0.6078,0.3956,28.5769,0.6921,22.4065,38.0978,0.0000,0.0443,-15.2504
6847900,885.8000,6.5502,1536.1900,1.5756,3.3056,0.0010,0.9224,0.6597,0.4187,0.2139,41.1477,0.8471,17.5606,14.7409,0.0000,0.0000,-13.6252
6853800,559.1300,6.6539,589.4300,1.9459,2.8516,0.0000,1.1292,0.8429,0.4985,0.2577,36.0923,0.7137,15.4965,21.7308,0.0000,0.0040,-13.8726
6876700,448.5300,8.3753,1056.4400,2.0558,2.6796,0.0000,1.1485,0.8383,0.4970,0.2491,13.8116,0.6020,14.2852,30.2753,0.0000,0.2871,-14.0440
6878000,393.9300,6.5980,776.4200,2.2298,2.8936,0.0000,1.4243,1.1170,0.5530,0.3039,5.6669,0.6464,18.6236,31.3181,0.0000,0.0000,-15.7131
6879650,402.0000,11.6718,11.5100,2.6237,2.6443,0.0311,2.3491,2.0759,0.6984,0.5175,1.0000,0.4586,10.5836,42.6745,0.0000,0.5877,-13.7376
6885500,394.8100,8.3028,1062.8700,2.4456,2.8668,0.0076,1.5095,1.2943,0.6044,0.4119,34.3333,0.6080,20.0217,41.9751,0.0000,0.0512,-13.0409
6888500,412.3400,10.5705,842.3500,2.6380,2.7282,0.0139,2.2918,2.0099,0.6947,0.4948,2.9083,0.4594,10.1284,41.4267,0.0000,0.3997,-14.0259
6889200,347.7200,8.5209,385.6600,2.5896,2.6213,0.0174,2.1762,1.8827,0.6808,0.4462,29.0159,0.5719,17.6018,40.4301,0.0000,0.1648,-13.6113
6889500,335.4900,8.0961,748.5800,2.6198,2.6284,0.0149,2.1979,1.9079,0.6815,0.4509,30.0179,0.5716,17.5355,40.4711,0.0000,0.0896,-13.3897
6892000,304.5500,9.1449,1092.7200,2.7750,2.6201,0.0670,1.7621,1.4956,0.6532,0.4123,30.8354,0.6125,17.6272,35.7634,0.0000,0.2523,-12.7532
6903400,322.1200,4.7824,481.4200,2.7717,2.4316,0.2220,1.9932,1.7287,0.6941,0.4679,42.9001,0.6927,21.2339,32.9897,0.0000,0.0000,-16.4877
6906800,279.0800,8.3810,1414.7500,3.1904,2.6564,0.3516,2.5804,2.1748,0.7130,0.4057,4.4207,0.5924,13.1086,30.0552,0.0000,0.5971,-12.6822
6910800,376.8400,6.4526,444.6000,2.6677,2.7161,0.0074,2.3636,2.0771,0.6999,0.4961,6.1132,0.4578,9.9908,41.6741,0.0000,0.1724,-14.9600
6911900,367.4300,6.4030,293.0600,2.6654,2.6719,0.0178,2.2180,1.9250,0.6830,0.4617,4.6652,0.4585,9.6367,40.8102,0.0000,0.0640,-15.0593
6917000,296.0900,6.4432,765.7800,3.0200,2.7538,0.0592,1.9527,1.6321,0.6549,0.3838,3.2941,0.5538,12.5896,32.3233,0.0000,0.6399,-13.0012
6918460,372.2900,8.2400,650.6900,3.2295,2.7534,0.1134,3.0440,2.5460,0.7433,0.4004,3.8115,0.6133,15.4914,31.6573,0.0000,0.8292,-12.3177
6919500,304.2900,6.0307,1069.4200,3.3170,2.8521,0.2430,2.8946,2.4568,0.7344,0.4195,6.0890,0.8001,17.7154,22.5974,0.0000,0.4394,-14.3820
6921070,374.1400,9.4752,712.5900,3.2415,2.7521,0.2784,3.0405,2.5342,0.7455,0.4027,3.8350,0.6064,15.0641,31.7925,0.0000,0.9911,-11.8062
6921200,338.3300,8.8746,323.6200,3.2327,2.7381,0.2526,3.2492,2.7562,0.7711,0.4308,3.4000,0.5936,14.3655,32.1984,0.0000,1.0000,-11.8000
6934000,334.8600,11.8533,8264.9000,3.2560,2.7019,0.5897,3.9236,3.3985,0.8014,0.4517,2.3934,0.6057,15.4997,32.0957,0.0000,0.9261,-11.9044
7014500,330.1400,11.8853,3845.5000,3.2843,2.7721,0.7777,4.6167,4.1014,0.8468,0.4931,2.8599,0.6449,17.0095,30.1798,0.0000,0.5327,-12.2049
7056000,459.0800,41.9470,2149.3600,3.6174,2.8047,0.8844,4.9581,4.3984,0.8710,0.4919,1.0490,0.8927,22.4940,24.2387,0.0000,0.2822,-14.0789
7057500,324.6800,11.2428,1456.4400,3.2613,2.7735,0.5840,4.0923,3.5146,0.8084,0.4323,2.4036,0.6720,18.8464,30.6903,0.0000,0.9980,-11.8017
7060710,272.8400,18.0258,150.0300,3.6965,3.0475,0.8541,5.4588,4.8182,0.8995,0.4848,1.0000,0.7411,23.8003,31.4075,0.0000,0.8573,-11.9212
7066000,343.2300,10.3069,1053.5000,3.2879,2.7539,0.6930,4.6146,4.0718,0.8450,0.4786,2.2487,0.5910,15.2846,34.0734,0.0000,0.6361,-12.0550
7067000,325.6100,11.9777,4349.0100,3.4428,2.7575,0.7931,4.8295,4.2758,0.8599,0.4866,2.1200,0.5908,15.8220,34.8874,0.0000,0.5273,-12.1310
7068000,293.5000,12.0651,5318.5900,3.4041,2.7470,0.7417,4.9141,4.3578,0.8649,0.4895,2.1581,0.5921,15.8919,34.9510,0.0000,0.4765,-12.1665
7071500,283.0700,10.0319,2023.7700,3.3388,2.7702,0.5914,4.3310,3.7685,0.8245,0.4515,2.8418,0.6085,17.2023,36.1415,0.0000,0.4375,-12.1937
7083000,3457.4600,158.9188,60.7600,2.0837,2.8430,0.3563,0.7888,0.5255,0.3276,0.1539,1.2500,2.1923,37.1067,10.5712,0.0000,0.0000,-13.7463
7142300,677.5800,4.7672,1819.9400,1.8067,2.8327,0.0003,1.1638,0.8489,0.4878,0.2472,49.5319,1.4206,53.1388,16.1855,0.0000,0.0000,-11.8217
7145700,393.1700,3.9918,399.8100,2.5105,2.8004,0.0346,1.2294,0.8291,0.5143,0.2220,39.9802,0.6167,21.1019,35.2543,0.0000,0.0000,-13.9559
7148400,545.4100,9.7298,2544.5000,1.9096,3.2005,0.0005,0.9637,0.7007,0.4258,0.2325,12.8588,1.0745,29.2086,22.6256,0.0000,0.0000,-14.0603
7149000,558.8200,8.3138,2291.2000,1.9758,3.0099,0.0003,1.0642,0.7678,0.4556,0.2380,21.0598,1.1376,30.6076,22.5968,0.0000,0.0000,-13.5872
7151500,456.8500,5.9185,2109.0000,2.3162,2.9807,0.0101,1.2246,0.8182,0.5026,0.2153,40.7419,1.4882,43.2797,20.0911,0.0000,0.0000,-12.3308
7167500,383.3600,10.9194,319.6200,2.8165,2.7213,0.0167,2.1522,1.8491,0.6709,0.4627,1.2177,0.4516,9.4913,41.3598,0.0000,0.0657,-15.2534
7180500,442.8600,4.6474,275.5100,2.6076,2.9314,0.0015,1.8768,1.5901,0.6317,0.4312,4.0931,0.4469,8.8096,40.7889,0.0000,0.0000,-16.1576
7184000,280.9900,3.4889,510.8400,3.2554,2.7419,0.0078,1.7160,1.3822,0.6165,0.3406,5.9805,0.6179,17.5060,35.2088,0.0000,0.0000,-15.4824
7195800,371.0700,10.4639,38.2300,3.5041,2.8628,0.2232,3.3664,2.8211,0.7745,0.4022,1.0000,0.6156,15.5143,31.7116,0.0000,1.0000,-11.8000
7196900,430.1200,35.1209,106.3500,3.7037,2.8630,0.5407,3.5993,3.0812,0.7800,0.4190,1.0190,1.0702,24.5279,20.8352,0.0000,0.1446,-14.7084
7197000,348.8600,21.6827,808.4500,3.6242,2.8718,0.6716,3.8336,3.3213,0.7979,0.4441,1.8950,0.7107,18.3112,28.0252,0.0000,0.6944,-12.6616
7208500,2675.3600,72.2990,159.2200,1.6587,2.9162,0.6805,1.6534,0.9134,0.5980,0.1883,0.9388,1.0757,39.2111,30.0520,0.0000,0.0181,-13.4318
7226500,1587.3500,17.5628,5242.7500,1.0744,2.7100,0.0028,0.5773,0.3739,0.2865,0.1547,14.8725,1.4951,41.2691,19.6288,0.0000,0.0001,-13.2545
7261000,197.5500,14.3800,445.8100,3.7491,2.9038,0.2534,2.9930,2.4147,0.7162,0.3423,1.1181,1.4686,42.0166,24.1202,0.0000,0.0000,-15.2000
7263295,260.5600,27.6359,119.0300,3.9461,3.3897,0.8657,5.0008,3.7286,0.8606,0.2882,1.0111,1.0691,35.7436,31.5630,0.0000,0.0000,-15.2000
7290650,105.8000,7.4877,1688.7300,4.1546,3.4229,0.7965,4.5050,3.3037,0.8153,0.2808,29.5693,0.9589,25.8707,20.4615,0.0000,0.0000,-11.0545
7291000,129.1300,7.6078,479.3000,4.2732,3.1914,0.9777,5.1882,3.5097,0.8465,0.1986,29.1598,1.1336,32.3409,21.0366,0.0000,0.0000,-11.8728
7292500,115.8100,7.0383,2073.0900,4.2555,3.4749,0.9468,5.0858,3.3734,0.8389,0.1853,27.2270,1.1257,31.9168,20.9083,0.0000,0.0000,-12.1976
7295000,95.8800,6.8295,466.5800,4.3808,3.5539,0.9400,5.0615,3.2764,0.8396,0.1805,27.0901,1.0182,29.2758,23.4938,0.0000,0.0000,-12.4216
7299670,497.0400,6.8208,828.3600,1.7728,4.1423,0.0012,0.8332,0.5527,0.3744,0.1682,2.0654,0.6274,25.7880,46.9210,0.0000,0.0000,-16.1798
7301410,787.7100,10.7003,769.6700,1.6901,2.9085,0.0000,0.9631,0.7211,0.4240,0.2476,29.5658,2.6971,64.3705,13.8233,0.0000,0.0000,-13.0112
7301500,841.4300,9.1284,6885.0700,1.7277,3.0997,0.0008,0.9010,0.6562,0.4018,0.2221,28.8949,1.4008,48.2834,20.8845,0.0000,0.0000,-13.3382
7315200,310.1100,5.6045,501.6200,2.2320,3.8115,0.0923,1.5062,1.1500,0.5472,0.2666,1.2740,0.8665,31.4389,37.6568,0.0000,0.0000,-15.1413
7315700,286.9500,6.3025,1488.6900,2.5022,3.0695,0.0437,1.5894,1.2146,0.5659,0.2839,11.2913,1.0954,35.7376,28.2888,0.0000,0.0000,-13.9493
7335700,450.3500,54.4458,102.5700,4.2353,2.8374,0.9722,5.4456,4.4452,0.8886,0.3932,2.1013,1.0666,35.6506,31.8237,0.0000,0.0000,-14.7247
7340300,342.7100,20.6238,230.4300,4.3828,2.8795,0.9591,5.4797,4.3855,0.8846,0.3564,0.9864,0.8909,27.0561,28.7003,0.0000,0.0000,-15.6284
7346045,103.7500,7.4450,959.8900,3.5820,3.1423,0.8518,3.8158,2.9772,0.7719,0.3211,1.6530,2.7493,58.6909,14.1194,0.0000,0.0000,-14.6716
7359610,301.2500,26.3835,342.2300,4.2805,2.9181,0.9453,4.8065,3.9650,0.8485,0.3796,1.0699,0.9730,30.9685,29.1725,0.0000,0.0000,-16.0420
7362100,82.8200,5.3074,996.0800,3.8079,3.0545,0.9703,5.1846,3.7996,0.8619,0.2679,4.9723,1.1208,33.4942,25.4326,0.0000,0.0000,-13.0000
7362587,287.4900,26.0955,69.7700,4.2131,3.1597,0.9966,5.3094,3.9628,0.8740,0.2930,1.0192,1.0210,34.8750,33.2500,0.0000,0.0000,-15.2000
7373000,63.4900,4.9180,131.1800,4.2429,3.4137,0.9040,4.7223,3.0905,0.8486,0.1924,37.8789,1.4958,43.8003,21.6115,0.0000,0.0000,-13.8823
7375000,54.0300,3.8125,249.3500,4.6119,3.7151,0.7492,3.9967,2.6231,0.7771,0.1989,45.7701,1.6827,43.4242,18.8185,0.0000,0.0000,-13.7861
7376000,64.4800,3.5751,651.6100,4.5874,3.9351,0.9532,4.6988,2.9688,0.8210,0.1755,43.3223,1.3447,36.6255,20.1274,0.0000,0.0000,-12.9582
8013000,75.9500,4.5670,1293.6900,4.3200,3.2197,0.9144,4.8356,2.9942,0.8286,0.1610,44.1684,1.0818,31.7648,22.8023,0.0000,0.0000,-13.9362
8014500,57.9500,3.2862,1305.1500,4.4723,3.2703,0.8187,4.6705,2.7353,0.8224,0.1447,44.6133,1.2066,34.6060,18.8778,0.0000,0.0000,-13.9215
8023080,86.8500,4.7899,187.6100,4.0234,3.2217,0.8629,4.1863,2.9456,0.7803,0.2369,8.2807,0.9627,31.5430,27.3467,0.0000,0.0000,-13.0466
8025500,95.8900,6.8613,383.0200,3.9958,3.2174,0.9320,4.8078,3.0083,0.8281,0.1561,6.3477,0.8677,29.2325,28.8181,0.0000,0.0000,-13.5444
8029500,78.7500,5.0842,333.4000,4.2037,3.5729,0.9705,4.2046,2.5913,0.7845,0.1667,34.7620,1.8596,57.4954,22.4964,0.0000,0.0000,-13.5446
8050800,229.0900,5.7513,100.9300,2.8193,3.1418,0.1279,1.8944,1.5020,0.6105,0.3109,3.0759,1.4194,39.4188,28.8465,0.0000,0.0000,-15.1765
8066200,86.8000,6.9846,364.1200,3.8148,3.8864,0.8456,4.2442,2.6658,0.7892,0.1777,32.0291,0.9763,34.0125,36.7372,0.0000,0.0000,-13.2746
8066300,67.4700,4.6680,383.5700,3.9762,4.1909,0.8251,5.0706,3.0097,0.8346,0.1367,44.3321,2.2828,52.0265,19.8831,0.0000,0.0000,-13.4839
8070000,84.6700,5.6137,841.0600,3.6438,3.6784,0.8302,4.2087,2.6859,0.7961,0.1811,36.4248,1.5315,46.6353,26.1768,0.0000,0.0000,-13.5354
8070200,71.0800,4.6419,989.3700,3.6767,4.0258,0.8129,4.2043,2.6983,0.7944,0.1873,38.5609,1.5701,45.8006,24.1657,0.0000,0.0000,-13.4571
8079600,952.6900,5.1509,3348.9500,1.3724,3.5808,0.0000,0.7685,0.5460,0.3496,0.1885,41.0625,1.3326,44.7545,30.1208,0.0000,0.0033,-13.4623
8082700,453.8500,4.0418,276.0400,1.8272,3.6518,0.0000,0.8390,0.4799,0.3803,0.1217,4.8914,0.6192,25.2863,50.3539,0.0000,0.0000,-14.2036
8086212,507.6000,10.2544,1584.8200,1.9082,3.2612,0.0038,1.2585,0.9333,0.4918,0.2392,1.3300,0.5693,21.5530,47.3328,0.0000,0.0049,-15.8201
8086290,475.5800,7.9429,732.9800,2.0182,3.5747,0.0066,1.2909,0.9548,0.4983,0.2331,1.3015,0.7008,29.3885,44.2677,0.0000,0.0045,-14.9995
8101000,388.2300,11.3327,1177.1000,2.3965,3.3019,0.0067,1.2394,0.8213,0.4884,0.1969,1.1316,0.7425,18.2789,27.1033,0.0000,0.0025,-15.1730
8103900,382.9700,9.9852,86.0000,2.4450,3.3253,0.0201,1.0943,0.6835,0.4435,0.1542,1.0732,0.9276,26.8000,24.7000,0.0000,0.0000,-13.5955
8104900,317.4400,12.4690,342.6200,2.5203,3.3521,0.0263,1.3335,0.8278,0.5037,0.1755,1.1496,0.7367,21.3000,27.7768,0.0000,0.3407,-14.2839
8109700,143.0500,6.2489,610.1300,2.6378,3.3909,0.0282,1.4651,1.0498,0.5622,0.2468,4.2100,1.8199,55.7133,22.5901,0.0000,0.0000,-14.0840
8150800,563.6500,14.6447,557.5200,2.1054,3.3503,0.0386,1.3184,0.8181,0.5017,0.1783,1.9247,0.8717,20.6891,17.7780,0.0000,0.8127,-12.0426
8155200,337.3300,13.0930,232.7400,2.5045,3.3766,0.0880,1.3459,0.7393,0.5018,0.1333,1.0208,0.9268,26.7774,24.6940,0.0000,1.0000,-11.8000
8158700,367.9700,13.3599,320.3400,2.5635,3.3750,0.0414,1.3412,0.7947,0.5063,0.1589,1.0871,0.9259,26.7599,24.7331,0.0000,0.9706,-11.8353
8158810,308.0500,10.6447,31.7900,2.5090,3.3771,0.0548,1.3384,0.8071,0.4974,0.1550,1.0000,0.9276,26.8000,24.7000,0.0000,1.0000,-11.8000
8164000,73.0900,4.0226,2124.0000,2.9330,4.7439,0.0740,1.5532,1.0236,0.5824,0.2138,39.2886,1.2052,45.0788,34.5783,0.0000,0.0000,-13.4365
8164300,102.7200,5.7516,861.5400,2.8501,4.7190,0.0122,1.5709,1.0384,0.5884,0.2081,31.5895,1.0318,38.8795,37.6255,0.0000,0.0000,-13.4030
8164600,37.1900,1.8596,253.9200,3.1026,3.7774,0.0573,1.5065,0.9775,0.5726,0.2129,49.3379,1.8697,55.0385,29.4936,0.0000,0.0000,-13.0614
8165300,669.2100,10.2997,435.9900,2.2289,3.3455,0.1466,1.1944,0.6464,0.4807,0.1413,1.1848,0.5712,9.4710,21.5914,0.0000,1.0000,-11.8000
8171300,379.2300,13.9792,1067.4700,2.5604,4.6750,0.0569,1.3984,0.8221,0.5173,0.1686,1.2495,0.8429,24.5771,25.7850,0.0000,0.8366,-12.0681
8175000,113.2700,5.3832,1421.6600,2.4163,3.4443,0.0703,1.5033,1.1243,0.5764,0.2669,7.0217,1.2537,46.3706,33.9983,0.0000,0.0000,-13.7901
8176900,88.4500,5.1182,925.4400,2.4921,3.8806,0.1949,1.5195,1.0303,0.5835,0.2335,37.5079,2.0520,56.2674,26.5065,0.0000,0.0000,-13.2419
8178880,542.5600,19.4900,850.5800,2.4758,3.3825,0.4391,1.5508,0.9772,0.5302,0.1889,1.4244,0.5662,10.0712,23.6920,0.0000,0.9848,-11.8183
8189500,67.3100,4.0268,1808.2900,2.3744,4.7369,0.1046,1.4636,1.0032,0.5643,0.2364,41.2034,1.7851,49.9479,27.9247,0.0000,0.0000,-13.0338
8190000,567.7700,17.3076,1961.4300,1.9174,3.3989,0.2878,1.2865,0.6693,0.4921,0.1268,1.8759,0.5992,10.2845,20.3748,0.0000,0.9243,-11.8909
8190500,590.4000,13.2928,1799.0900,1.8269,4.2064,0.1388,1.0352,0.5283,0.4440,0.1173,1.7392,0.7853,9.3565,13.4188,0.0000,0.9778,-11.8297
8194200,161.2700,5.0241,1220.5800,1.3972,3.6193,0.0008,1.0783,0.6611,0.4468,0.1759,7.7724,0.7904,31.6821,46.7212,0.0000,0.0000,-13.0266
8195000,578.2000,20.7737,1028.2900,2.2116,3.3870,0.5043,1.6863,0.9483,0.5558,0.1546,1.6954,0.5892,10.6466,22.2188,0.0000,0.9255,-11.8893
8196000,536.7700,22.6166,326.9800,2.0858,3.4210,0.6396,1.7627,0.9073,0.5829,0.1388,1.0437,0.5853,10.0295,21.3030,0.0000,0.9789,-11.8254
8198500,439.4500,15.8280,624.3500,2.2534,3.4153,0.4132,1.7280,1.0166,0.5552,0.1660,8.6025,0.6052,12.8406,25.2387,0.0000,0.7220,-11.9231
8200000,464.3400,21.0091,249.1100,2.3936,3.3951,0.6625,1.6116,0.9243,0.5439,0.1676,1.9222,0.5852,11.6163,24.8718,0.0000,0.9335,-11.8798
8202700,399.0300,15.7361,434.7500,2.2263,3.4286,0.4827,1.5962,0.9143,0.5520,0.1615,4.6958,0.6355,14.9727,26.5487,0.0000,0.7991,-11.8593
8267500,3006.6000,149.0840,96.2600,1.6787,3.5574,0.7348,1.6497,0.9581,0.5876,0.2032,0.4966,0.7750,23.4267,27.3028,0.0000,0.0000,-13.3318
8269000,2791.3600,117.2447,163.2700,1.5455,3.7935,0.7622,2.0673,1.1710,0.6616,0.1949,0.6379,0.8815,28.4295,27.8818,0.0000,0.0000,-14.9532
8271000,2722.8600,141.2810,43.7700,1.6940,4.0273,0.6540,1.5538,0.9744,0.5441,0.2023,0.5694,0.9384,31.0089,25.6254,0.0000,0.0000,-13.8495
8324000,2459.4700,74.7590,1207.9500,1.5316,3.0631,0.5803,1.6467,0.8656,0.5846,0.1609,1.2228,1.5832,43.3205,17.7515,0.0000,0.1231,-12.8974
8377900,3017.7500,105.2908,139.0300,2.0428,3.0599,0.9747,1.9113,1.1367,0.6412,0.2142,0.8510,1.2035,33.9606,23.4338,0.0000,0.2013,-14.0443
8378500,2965.2300,104.5347,444.9600,1.9563,3.1356,0.9650,1.9476,1.1498,0.6467,0.2081,0.8183,1.4318,36.8650,22.9448,0.0000,0.1761,-14.2476
8380500,2523.1500,74.8758,198.0600,1.7483,3.0552,0.8242,1.8542,0.8716,0.6359,0.1466,0.8345,0.9315,29.5879,31.0281,0.0000,0.4091,-13.0611
9034900,3571.1800,102.7590,15.6500,2.5862,2.9986,0.2933,0.9908,0.7361,0.3944,0.2098,0.4722,2.4897,28.4667,6.6667,0.0000,0.0000,-14.1000
9035800,3271.2200,145.6665,22.9400,2.4560,3.8172,0.5700,1.4779,1.0157,0.5460,0.2238,0.4737,2.8663,49.3224,8.8689,0.0000,0.0000,-13.9590
9035900,3240.7500,123.9120,72.8400,2.3875,3.4349,0.6008,1.4527,1.0018,0.5320,0.2237,0.5641,2.6382,37.7291,7.6890,0.0000,0.0000,-14.0417
9047700,3333.8400,103.7910,23.5700,2.0308,3.9093,0.7022,1.4861,0.8583,0.5559,0.1733,0.4500,2.8313,47.3372,8.6215,0.0000,0.0000,-14.0945
9065500,3350.1000,112.7789,37.7800,2.5704,3.7194,0.8324,1.2861,0.9368,0.4630,0.2171,0.4032,2.6753,41.5571,8.5013,0.0000,0.0000,-14.0614
9066000,3405.1300,96.5441,32.4100,2.2694,3.4723,0.7706,1.6679,1.1563,0.5822,0.2427,0.5000,2.1800,45.4457,16.8081,0.0000,0.0000,-12.9834
9066200,3071.9700,145.3685,16.1000,2.6502,3.7056,0.6686,1.6074,1.2205,0.5281,0.2614,0.2667,2.7522,43.3830,8.2119,0.0000,0.0317,-13.4797
9066300,2943.6200,143.8313,15.5200,2.5218,3.7485,0.7632,2.2488,1.6114,0.6624,0.2716,0.4828,2.9383,52.3475,9.1406,0.0000,0.0000,-13.0611
9081600,2990.9700,150.5766,432.8900,2.6783,4.0248,0.6136,2.1344,1.7303,0.6004,0.3189,0.5636,1.4231,29.7594,18.3896,0.0000,0.0186,-14.5073
9107000,3300.2900,103.4207,331.6200,1.9151,3.2274,0.6075,1.2008,0.7154,0.4641,0.1621,1.3314,2.6240,52.9623,13.1558,0.0000,0.0384,-13.6265
9210500,2441.1300,59.4828,398.3100,1.3828,2.6297,0.2624,1.0782,0.7871,0.4217,0.2087,0.9705,1.6104,33.8189,14.5381,0.0000,0.0460,-14.7974
9223000,2448.6800,61.2466,333.1500,1.7341,2.7353,0.4330,1.6983,1.2379,0.5920,0.2669,0.7782,1.4123,33.4698,17.4854,0.0000,0.0189,-14.9409
9306242,2245.0900,61.0155,81.9900,1.2684,3.6838,0.0000,0.8178,0.5599,0.3463,0.1611,0.8913,1.6919,34.3249,15.3388,0.0000,0.0000,-15.7937
9312600,2434.6700,72.8922,195.2900,1.5841,3.7550,0.0454,1.6313,1.2785,0.5516,0.3022,0.8714,1.3830,39.3702,23.8584,0.0000,0.0000,-16.2648
9352900,3282.6600,156.0883,188.1500,2.5243,3.1343,0.5199,1.0973,0.7458,0.4269,0.2054,0.4982,1.6653,44.1059,22.1439,0.0000,0.0384,-13.9404
9378170,2308.2000,67.6771,21.9000,1.6233,2.9089,0.2522,1.7697,1.3241,0.5618,0.2847,1.1563,2.1747,47.5339,16.0923,0.0000,0.0000,-14.2625
9378630,2125.1000,53.4153,10.4200,1.5805,2.9689,0.2678,1.7401,1.1968,0.5787,0.2545,0.5500,2.2366,49.9396,16.6368,0.0000,0.0000,-14.9889
9386900,2341.6500,37.3925,184.9400,1.2139,3.0047,0.3012,1.0145,0.4980,0.4144,0.0999,1.0719,1.4167,41.9397,23.6992,0.0000,0.1642,-13.7243
9404450,2070.4100,56.2230,192.9600,1.3505,3.8622,0.3323,1.1921,0.7100,0.4483,0.1500,0.8167,1.3494,30.9106,19.9797,0.0000,0.5224,-13.6472
9430500,2227.3600,58.1321,4804.9300,1.2908,3.4498,0.4793,0.9535,0.5080,0.3992,0.1168,3.6195,1.2993,36.9259,26.0315,0.0000,0.0000,-12.6397
9430600,2126.6600,84.4614,190.5200,1.5889,4.2614,0.7126,1.5529,0.7526,0.5603,0.1357,0.6471,1.7436,48.5924,27.9794,0.0000,0.0000,-12.6916
9447800,1395.3100,59.5071,781.9600,1.0724,3.2595,0.1601,0.5886,0.3208,0.2796,0.0828,5.6372,0.6397,20.7895,33.8842,0.0000,0.0292,-12.4731
9480000,1564.0700,40.8359,213.3800,1.4274,3.5055,0.1254,0.8599,0.6112,0.3702,0.2005,11.3238,1.3142,41.1499,28.8166,0.0000,0.0015,-12.3046
9484000,1332.8600,112.5628,103.6500,1.5645,4.5974,0.4456,0.9317,0.4561,0.4031,0.1061,0.7376,1.6433,23.5128,9.4012,0.0000,0.0000,-14.0855
9484600,1347.5000,44.7285,1179.5900,1.2634,3.7038,0.0621,0.6493,0.4109,0.3066,0.1401,6.9172,1.1431,34.6401,23.3292,0.0000,0.0574,-12.6202
9492400,2468.9900,65.3778,128.9700,1.7753,3.3313,0.9911,2.2695,1.1968,0.7258,0.2126,0.9167,1.6264,41.5783,15.3161,0.0000,0.0000,-12.5000
9494000,2153.9400,50.8876,1628.2300,1.7093,3.1024,0.8391,1.7447,0.8890,0.6046,0.1693,1.1381,1.1382,35.8693,24.3207,0.0000,0.0000,-13.1224
9497800,1646.9100,61.2814,750.8600,1.5272,4.1270,0.7996,0.9485,0.4904,0.3936,0.0889,0.9478,0.9878,28.5245,28.8158,0.0000,0.0907,-14.4479
9497980,1655.3900,72.4291,516.8000,1.6428,3.5375,0.8725,1.1748,0.5390,0.4601,0.0965,1.1225,1.5689,39.9529,20.0485,0.0000,0.0000,-12.8268
9505200,1847.2400,48.9409,285.6800,1.6754,3.5403,0.4805,1.1086,0.5055,0.4639,0.1145,1.0117,0.8114,30.4827,41.2360,0.0000,0.0372,-12.4769
9505350,1736.9400,47.8232,365.6600,1.5951,3.3000,0.5015,1.2367,0.5081,0.4916,0.0988,0.9312,0.8534,31.0219,40.1248,0.0000,0.0427,-12.9241
9505800,1865.1000,48.5357,614.9400,1.7660,3.2502,0.5310,1.3086,0.5763,0.5139,0.1195,1.0177,0.9379,33.6864,35.7589,0.0000,0.3191,-12.2767
9508300,1243.7600,87.5063,93.0000,1.5370,3.8634,0.5022,0.8477,0.3868,0.3611,0.0670,0.7933,1.9022,36.8662,15.2840,0.0000,0.0000,-13.7643
9510200,1034.9300,92.8290,425.3100,1.2274,3.4008,0.1580,0.7726,0.3306,0.3533,0.0669,1.1463,2.4489,37.0745,10.4230,0.0000,0.0000,-13.6381
9512280,1040.2300,77.5350,188.7100,1.1819,3.4586,0.1822,0.6307,0.3231,0.3125,0.0809,0.8556,2.2926,35.4004,13.3034,0.0000,0.0000,-13.1369
9513780,939.0600,66.1950,177.4700,1.1801,3.5221,0.1114,0.5952,0.2896,0.2975,0.0800,0.8007,1.2983,28.0467,19.5383,0.0000,0.0000,-13.2672
10023000,2257.5100,44.6794,131.4600,1.5506,2.6429,0.1959,1.0289,0.7664,0.4048,0.2124,1.1144,1.4512,35.8634,18.0628,0.0000,0.0855,-12.4788
10166430,1578.7000,56.1416,70.1700,1.3647,2.6942,0.0328,0.6173,0.4342,0.2445,0.1042,15.5733,1.2930,36.5935,19.0694,19.3545,0.0732,-12.9477
10172700,1853.4700,46.9701,69.9300,1.3853,2.8955,0.0017,0.6794,0.4027,0.3121,0.1126,4.2723,1.3406,36.2950,13.4344,0.0000,0.0440,-12.9729
10172800,2085.8700,135.9027,11.0700,1.9437,3.4468,0.0366,1.1695,0.8072,0.4427,0.1858,1.5520,1.2955,35.1633,13.3729,0.0000,0.1877,-12.6177
10173450,2638.5900,56.1341,268.5300,1.6796,3.0681,0.4463,1.0301,0.5947,0.4054,0.1283,1.0482,1.6410,41.9480,19.1646,0.0000,0.0243,-12.4998
10205030,2489.2900,76.2092,134.6000,1.6463,4.0576,0.0326,1.4618,1.1539,0.5270,0.2909,0.6681,1.2328,38.6242,29.1964,0.0000,0.4604,-13.6006
10234500,2498.7400,95.2099,236.4200,1.7792,3.6724,0.3513,1.5450,0.8666,0.5578,0.1583,0.6039,1.6890,44.3582,19.5741,0.0000,0.0000,-12.9040
10242000,2035.1600,59.7888,208.6900,1.1425,3.8137,0.1718,0.6992,0.4005,0.2979,0.0908,12.4183,1.4237,29.6682,17.5246,0.0000,0.0925,-13.3804
10244950,2404.4700,101.1387,28.2000,1.3203,3.4460,0.0622,0.7611,0.4409,0.3339,0.1148,0.6531,1.4996,37.0277,16.4834,0.0000,0.8013,-12.4610
10249300,2256.4300,98.8565,50.2000,0.6446,3.3568,0.0620,0.4059,0.2178,0.1843,0.0501,11.8350,1.9452,23.1392,9.0544,0.0000,0.0025,-13.0643
10258000,1371.2600,176.3668,43.6900,1.1014,3.3738,0.4365,0.7969,0.3051,0.3765,0.0860,3.8125,4.6017,49.7250,3.3691,0.0000,0.0000,-13.8264
10258500,1329.1800,116.1420,241.5100,0.8229,3.1419,0.2855,0.5438,0.2406,0.2642,0.0394,1.0263,3.0970,40.2144,7.0582,0.0000,0.0000,-14.0221
10259000,1233.9600,169.6524,22.4600,1.0483,3.1332,0.5081,0.8241,0.3247,0.3680,0.0601,0.6316,3.2893,24.5689,3.3809,0.0000,0.0000,-14.0366
10259200,1139.9100,154.4451,79.1200,0.6573,3.1309,0.1369,0.3671,0.1544,0.1949,0.0290,0.7609,2.9661,38.4769,6.7461,0.0000,0.0000,-14.0277
10263500,1651.4500,132.2003,59.4600,1.3224,3.1380,0.2769,0.6496,0.2576,0.3001,0.0430,2.7335,2.9354,43.1957,8.9009,0.0000,0.0000,-13.4066
10310500,1900.8000,119.2089,39.4900,1.4712,3.9292,0.7131,1.1006,0.5296,0.4448,0.1192,0.7200,5.7167,44.6034,3.2600,0.0000,0.0000,-14.0105
10316500,2490.1300,132.1034,64.7800,2.2120,3.4227,0.0123,0.9909,0.8043,0.3932,0.2386,0.4052,1.5894,42.9019,21.7646,0.0000,0.9131,-12.1935
10329500,1755.6600,66.8361,454.5200,1.3595,3.4187,0.0020,0.6196,0.4721,0.2816,0.1625,0.9281,1.2004,35.9905,26.0182,0.0000,0.0000,-12.6509
10336645,2357.5400,118.2744,19.6000,3.3796,2.8812,0.7136,1.6712,0.7542,0.5731,0.1405,1.9500,4.2551,65.9134,7.0526,0.2096,0.0000,-13.6901
10336660,2113.2800,83.4639,29.8000,3.7312,2.8594,0.7908,1.9730,1.0777,0.5927,0.1550,0.7917,2.9022,58.6657,11.0866,3.5171,0.0000,-12.9785
10336740,2117.9800,81.4911,5.5400,1.8498,2.8133,0.8173,1.9003,0.8220,0.6164,0.1348,0.8333,4.3219,41.7402,2.0757,0.0624,0.0000,-13.8489
10343500,2156.9100,81.2478,27.6000,2.5679,2.8259,0.8990,2.0723,0.9647,0.6685,0.1632,1.1957,2.1818,50.8545,14.8301,0.0000,0.0000,-12.7079
10348850,2041.6000,136.2677,19.1400,2.5079,2.9477,0.5120,1.2020,0.6494,0.4617,0.1356,1.0256,1.5429,34.5005,9.5933,0.0000,0.0000,-13.2917
10396000,1613.2700,58.1894,528.8900,1.5603,3.3946,0.0045,0.7587,0.5656,0.3312,0.1778,2.3178,0.7845,28.5015,36.1761,0.0000,0.0000,-12.5654
11098000,595.3900,109.9615,41.5700,1.9657,3.5847,0.2925,2.0885,1.0378,0.6230,0.0693,0.5143,1.6850,32.1906,13.0610,0.0000,0.0000,-14.1000
11124500,679.8000,87.8463,191.5200,2.0522,3.1866,0.7047,1.8120,0.9248,0.5692,0.1224,0.9788,1.4253,37.3643,21.1667,0.0000,0.0000,-14.8934
11141280,292.3500,60.2885,54.0100,1.8837,2.7516,0.4501,2.7669,1.6797,0.6825,0.1464,1.2791,0.9406,23.0107,24.6420,0.0000,0.0000,-15.2000
11143000,764.0300,138.6104,120.6100,2.8368,2.5829,0.9458,3.2567,1.5293,0.7395,0.0545,0.6648,1.3733,39.4663,7.6571,0.0000,0.0159,-14.1348
11148900,462.7200,66.1900,403.4500,2.2885,2.7564,0.4250,1.8373,1.0518,0.5516,0.1176,0.9913,1.3395,38.3090,18.9830,0.0000,0.0000,-13.5833
11151300,535.5300,56.5705,608.2300,1.3328,3.6447,0.1373,1.2402,0.8418,0.4792,0.2197,2.2996,0.8082,22.7210,31.5723,0.0000,0.0000,-14.7006
11162500,349.5100,68.5406,118.8700,2.6920,3.4472,0.8210,4.1893,1.5899,0.8631,0.0906,1.6685,1.9284,48.0484,18.4044,0.0000,0.0000,-15.0342
11176400,701.1200,78.7716,338.5600,1.4762,3.2607,0.3530,1.4199,0.8762,0.4644,0.1269,0.9241,1.4713,26.7949,14.7167,0.0000,0.0000,-14.5310
11180500,47.2500,26.3481,24.3200,1.4883,2.7094,0.0556,2.3543,1.6757,0.6787,0.3160,5.8605,0.9925,29.4509,27.2922,0.0000,0.0000,-14.9086
11180960,130.0500,33.1925,15.0600,1.6393,2.8637,0.2117,2.6181,1.6730,0.7244,0.2550,1.8621,1.0261,29.9973,26.7608,0.0000,0.0000,-13.7090
11224500,658.0300,69.9558,247.4400,1.3071,3.4375,0.1452,1.0938,0.6783,0.4291,0.1642,0.8354,0.6979,23.7525,39.8384,0.0000,0.0000,-15.1345
11230500,3020.8600,151.1601,135.5300,2.0184,3.1579,0.2787,0.5068,0.2592,0.2208,0.0664,0.3395,3.0153,61.6309,9.8870,0.0000,0.0000,-13.5155
11237500,2201.2200,104.6715,59.8200,2.9285,2.9422,0.8069,1.5769,0.6678,0.6129,0.1586,0.9800,4.0492,58.5448,8.2148,0.0000,0.0000,-13.9303
11253310,802.1700,88.1357,120.4400,1.1740,2.9844,0.1202,0.8631,0.5254,0.3905,0.1638,1.1798,0.7947,24.3714,31.1731,0.0000,0.0000,-14.8424
11264500,2632.8700,131.0607,467.9800,2.6404,3.0478,0.5769,0.7933,0.4028,0.3327,0.0898,0.6025,2.6381,52.8588,8.9527,0.0000,0.0000,-13.8776
11266500,2512.5800,140.1842,833.0800,2.7356,3.0849,0.6741,1.0288,0.5100,0.4060,0.1051,0.6256,2.7047,44.9868,8.2972,0.0000,0.0000,-13.0986
11274500,377.4400,54.4751,347.7500,1.2064,2.7498,0.3051,1.2785,0.8294,0.4726,0.1904,1.2045,1.3677,28.9971,20.1978,0.0000,0.0000,-14.6138
11274630,517.2400,57.7465,187.4400,1.2593,2.7501,0.2803,1.1556,0.7069,0.4568,0.1837,1.1991,1.3095,29.5569,22.0293,0.0000,0.0000,-14.4769
11284400,897.3300,52.4045,41.7200,2.8224,3.4802,0.7577,2.0720,0.6097,0.6723,0.0767,1.0000,1.4521,30.1250,17.0000,0.0000,0.0000,-16.2416
11299600,300.4200,40.7276,37.3200,2.0684,3.4923,0.0410,1.8144,1.1131,0.5816,0.2073,0.9701,0.9520,19.8434,15.6950,0.0000,0.0000,-13.0108
11381500,941.6800,70.5575,337.6300,3.4505,3.4533,0.5890,2.0106,1.0078,0.6206,0.1712,1.1170,1.6307,43.9507,20.1450,0.0000,0.0000,-12.5354
11383500,1053.5600,75.7222,539.7800,3.5279,3.7317,0.6998,2.3636,1.1504,0.7009,0.1744,0.9819,1.4472,42.1803,22.5431,0.0000,0.0000,-12.5133
11451100,740.4600,103.9336,155.0900,2.9615,2.5903,0.8707,2.2141,1.1495,0.6362,0.0945,0.9061,1.7652,41.3659,17.4644,0.0000,0.0000,-15.1688
11468500,276.0800,45.1496,273.5100,3.5829,2.7172,1.0000,4.7631,1.7766,0.9124,0.0805,1.6667,1.3216,39.0520,26.7758,0.0000,0.0000,-15.1829
11473900,1037.8500,126.7067,1925.0100,3.6536,2.7978,0.9609,2.6335,1.4085,0.7012,0.1397,1.9949,1.5937,36.5215,17.6229,0.0000,0.0000,-14.6914
11475560,592.5800,90.3327,16.7900,5.1661,3.0671,0.9922,5.3441,2.1245,0.9096,0.0640,1.0645,1.6891,45.1253,22.2789,0.0000,0.0000,-15.2000
11476600,478.6900,94.5291,71.8500,4.8342,2.3263,0.9966,4.9414,2.0157,0.8890,0.0880,1.0256,1.3870,40.5000,26.5000,0.0000,0.0000,-15.2000
11478500,757.7600,122.5283,572.3800,4.5516,2.7212,0.9953,3.8193,2.0515,0.8067,0.1266,1.0319,1.5316,40.6838,23.4418,0.0000,0.0000,-15.1451
11480390,1049.6400,76.6190,242.6000,3.9990,3.4279,0.9744,3.8169,1.9030,0.8263,0.1134,1.0000,1.6134,39.7585,21.6811,0.0000,0.0000,-15.1593
11481200,285.2300,71.4284,105.4000,4.3631,2.3690,0.9378,4.8235,1.4934,0.9157,0.1117,1.3046,0.8880,30.1836,36.4052,0.0000,0.0000,-14.7976
11482500,546.9900,114.4646,718.0400,4.5800,2.5178,0.9830,4.5139,1.7971,0.8743,0.1003,1.1510,1.0593,34.6507,32.3208,0.0000,0.0000,-14.4222
11522500,1279.3000,152.8007,1943.1200,3.1355,3.2586,0.9907,3.6110,2.0564,0.8123,0.1855,0.6363,2.1376,50.7430,14.5428,0.0000,0.0024,-14.9350
11523200,1614.4100,139.3475,382.9400,2.9324,2.5618,0.9800,2.0266,0.9095,0.6892,0.1961,0.6585,1.2971,42.8580,26.9242,0.0000,0.0000,-14.0749
11528700,1019.0700,107.6220,1980.0800,3.7061,3.5844,0.9905,3.4252,1.6687,0.8134,0.1272,1.0326,1.8309,47.7097,18.7739,0.0000,0.0000,-15.5936
11532500,725.0700,112.1108,1577.9600,5.5846,2.3208,0.9993,3.6281,1.5755,0.8141,0.1167,0.9372,1.2964,39.2860,26.6094,0.0000,0.0000,-14.8472
12010000,145.1800,47.2961,142.1800,7.9279,1.9671,0.9981,4.3292,2.3695,0.8606,0.1334,1.1903,0.8837,22.7204,21.0458,0.0000,0.0000,-13.8104
12013500,309.1700,61.5714,337.6900,6.8749,2.1167,0.9896,4.9808,2.7455,0.8803,0.1267,2.0814,0.9526,19.7321,14.6759,0.0000,0.0000,-14.0964
12020000,435.9800,74.6259,294.2200,7.4992,2.7397,0.9964,4.4016,2.5924,0.8619,0.1395,1.2932,1.1551,31.7749,19.8066,0.0000,0.0000,-13.3701
12025000,236.8800,33.6961,404.9000,4.7080,2.0948,0.8617,4.9775,3.1186,0.8712,0.1778,6.7938,0.8747,25.2602,25.6084,0.0000,0.0000,-13.2353
12025700,556.3700,73.3702,103.3000,5.0912,2.0464,0.8684,4.3031,2.6220,0.8630,0.1637,1.0054,1.1450,30.9179,19.2588,0.0000,0.0000,-12.6954
12035000,149.3000,29.3479,769.9000,6.9879,1.9803,0.9705,4.9314,2.7220,0.8824,0.1324,9.1990,1.0955,25.2852,15.8643,0.0000,0.0000,-13.2740
12040500,437.0100,96.5815,1153.4400,8.1546,1.8991,0.9969,3.7500,2.2824,0.8258,0.1698,2.5815,1.4190,37.5347,16.8593,0.0000,0.0000,-14.5632
12041200,754.0000,127.7436,655.8000,7.7853,2.4119,0.9733,3.4683,2.3060,0.7560,0.2086,1.6690,1.6395,39.3845,14.9753,0.0000,0.0000,-14.9632
12043000,378.7300,72.9688,337.1900,8.2846,2.2500,1.0000,3.9634,2.4811,0.8445,0.1602,1.9288,1.5932,40.6715,17.2101,0.0000,0.0000,-14.9904
12048000,1263.4600,183.8377,405.0100,4.7751,2.5180,0.9881,3.1257,2.2743,0.7341,0.2463,0.8019,1.9040,45.4372,15.5598,0.0000,0.0000,-13.4373
12054000,776.8600,174.7902,171.6800,5.7147,2.7295,0.9947,3.4386,2.4724,0.7857,0.2971,0.9074,1.4882,39.2525,16.9711,0.0000,0.0000,-14.0037
12056500,775.1700,160.2375,146.9700,6.9947,1.9971,1.0000,3.6838,2.7277,0.8345,0.3102,0.8327,1.6363,41.6616,16.9902,0.0000,0.0000,-14.6086
12073500,42.9200,16.4839,15.6700,4.0095,2.8563,1.0000,3.8746,2.4386,0.8599,0.1800,16.6452,2.7906,30.3333,6.2667,0.0000,0.0000,-14.6204
12082500,1036.2200,122.5575,350.0000,7.0616,2.9623,0.9312,3.4584,2.2148,0.7754,0.2254,1.3482,2.8437,59.0627,10.0982,0.0000,0.0000,-12.8654
12092000,1330.9400,172.2020,240.8800,7.2745,2.0768,0.9239,3.1480,2.1057,0.7235,0.2121,0.9169,3.4644,68.1030,9.0013,0.0000,0.0000,-13.0903
12095000,757.3900,103.5587,205.8400,4.5607,2.4797,0.9717,4.3778,2.6202,0.8676,0.1740,3.1727,2.2680,37.6844,9.9153,0.0000,0.0000,-13.3475
12114500,852.5000,129.6111,66.5600,7.2419,1.9792,0.9922,4.3541,2.9071,0.8845,0.2886,0.7395,2.3276,29.5528,6.4131,0.0000,0.0000,-12.5613
12115000,900.0700,130.4189,102.8000,7.2067,1.9777,0.9948,4.2825,2.8621,0.8774,0.2770,0.8020,2.2762,28.8986,6.5407,0.0118,0.0000,-12.7347
12115500,752.9000,132.3142,34.7200,7.1604,1.9572,0.9922,3.5184,2.0304,0.8229,0.2036,0.9091,2.1013,25.5281,6.7832,0.0000,0.0000,-12.5195
12117000,640.5300,116.0253,44.8500,6.5089,1.9916,1.0000,3.5356,1.8701,0.8408,0.1402,1.7439,2.0438,36.7499,11.0468,0.0000,0.0000,-13.2653
12141300,1068.4000,165.0982,401.5100,7.9355,2.0294,0.9816,3.2186,2.2901,0.7771,0.2789,0.6527,2.9163,30.8349,4.7181,0.0000,0.0000,-14.0366
12143600,981.2100,118.4332,165.0100,7.6234,2.0816,0.9978,3.7631,2.6491,0.8360,0.2805,0.7677,3.1265,41.4691,6.6561,0.0000,0.0000,-13.7298
12144000,881.0000,132.2283,210.1100,7.2109,2.2117,0.9983,3.7862,2.5944,0.8345,0.2566,2.0933,2.8612,43.1232,8.1628,0.0000,0.0000,-13.5970
12145500,411.9000,86.3757,78.9800,5.7136,2.1353,1.0000,4.0669,2.5780,0.8555,0.1731,2.0130,1.7147,24.1873,9.1367,0.0000,0.0000,-14.2285
12147500,601.1200,112.8213,102.8900,7.9933,1.9575,1.0000,3.7695,2.3465,0.8493,0.2300,1.1458,2.0812,31.7166,8.9565,0.0000,0.0000,-12.5153
12147600,1067.5300,159.3746,14.1300,8.7924,1.9368,1.0000,3.9019,2.8647,0.8569,0.3187,0.6333,2.6061,34.2425,6.2280,0.0000,0.0000,-13.3421
12167000,480.5000,126.6899,683.7500,6.7212,1.9536,0.9896,3.9215,2.3596,0.8374,0.1962,1.4111,1.9687,25.7504,7.5032,0.2367,0.0000,-14.2882
12175500,1538.7500,245.5613,273.8200,5.4618,2.1886,0.7897,1.9927,1.4973,0.5389,0.2311,0.4838,2.3317,15.5947,3.8328,0.0000,0.0000,-13.8877
12178100,1305.0100,255.6884,69.6800,6.0953,2.0081,0.9211,2.8443,2.1211,0.7220,0.2978,0.5373,2.2975,18.2302,4.4416,0.0233,0.0000,-14.0773
12186000,1226.2900,172.5572,398.4400,6.4913,1.9974,0.9801,3.1583,2.3646,0.7706,0.3077,0.5660,2.2743,19.2693,4.7506,0.3650,0.0000,-13.9296
12189500,1206.0100,197.1223,1855.3200,5.8999,2.0305,0.9465,3.1796,2.2734,0.7594,0.2723,0.9073,2.3037,19.8479,4.7033,0.8937,0.0000,-13.8887
12358500,1559.2400,106.5126,2939.1900,3.3304,2.2182,0.7376,2.4677,1.8506,0.6819,0.2905,0.7008,1.8815,47.5107,15.7830,0.8400,0.1535,-14.1550
12374250,1379.7600,104.3972,50.7900,2.2436,2.3951,0.7973,2.8780,1.9343,0.7573,0.2040,1.1717,1.9417,47.6879,15.2046,0.0000,0.0000,-16.4943
12375900,1528.1300,159.4185,19.7200,3.4345,2.3906,0.6827,2.4117,1.7874,0.6969,0.3323,0.5278,1.5583,41.5083,19.6884,0.0000,0.2875,-15.8662
12377150,1512.0700,129.5993,32.1800,4.0425,2.4713,0.8676,1.5157,1.1223,0.4676,0.2287,0.3729,1.3972,37.9447,21.4348,0.0000,0.9054,-12.2303
12381400,1876.9600,102.1658,150.9500,2.9974,2.9168,0.9605,2.8805,2.0669,0.7588,0.2663,0.6217,1.3425,34.9193,13.9780,0.0000,0.1267,-12.2586
12383500,2041.0300,116.4248,17.6700,3.0948,2.6292,0.9867,2.5349,1.8764,0.7035,0.2780,0.4118,1.9443,48.1457,11.2699,0.0000,0.5317,-12.3304
12388400,1636.5800,117.0856,60.8400,2.3705,2.9979,0.9585,2.2677,1.5944,0.6732,0.2272,0.7770,1.9185,48.5518,13.8551,0.0000,0.0000,-13.6155
12390700,1415.2200,115.2101,470.2300,3.0351,2.8872,0.9955,3.3110,2.3365,0.8021,0.2406,0.7290,2.0427,48.3642,12.0778,0.0000,0.0000,-16.1985
12411000,1145.8500,92.5123,867.4800,3.4062,2.1657,0.9917,4.1038,2.8304,0.8683,0.2561,0.6162,1.4651,40.2043,10.7288,0.0000,0.0000,-16.3855
12414500,1381.4100,104.3779,2678.9700,3.6624,2.3251,0.9997,4.0377,2.9301,0.8575,0.2908,0.6420,1.3642,37.0497,11.3127,0.0000,0.0000,-15.0861
12447390,1700.9800,172.5826,58.1000,2.5591,2.1884,0.9643,1.2000,0.7891,0.4894,0.1804,0.4727,1.8270,45.3234,16.7057,0.0000,0.0000,-14.1000
12451000,1509.6300,226.8667,830.6000,4.4754,2.1366,0.8163,1.9779,1.5133,0.5825,0.2656,0.4812,2.7606,31.4266,5.3491,0.0000,0.0000,-13.9986
12488500,1452.5400,143.9195,205.1700,4.7460,2.1872,0.9985,2.3812,1.7443,0.7063,0.2801,0.6474,3.1926,58.1027,7.8791,0.0000,0.0000,-12.8344
13011500,2400.7100,78.5195,404.0800,2.4340,2.6991,0.8122,1.8108,1.3702,0.6057,0.3082,1.8556,1.8363,46.7126,18.6573,1.4165,0.0705,-12.9643
13011900,2683.3800,93.9147,851.8000,2.3833,2.7209,0.7746,1.5744,1.1542,0.5398,0.2477,1.0452,2.1662,51.7629,16.6721,0.0000,0.1184,-13.6286
13018300,2197.9300,109.5190,27.9000,2.2290,3.3328,0.8095,2.3096,1.8359,0.6922,0.3477,0.6863,1.7868,25.1823,10.7392,0.0000,0.3033,-13.0981
13023000,2441.6200,98.5096,1161.9300,2.3574,3.0776,0.6753,1.8736,1.4098,0.6112,0.2872,0.7054,1.6470,41.6267,17.9118,0.0000,0.2165,-14.1270
13083000,1862.7700,69.1209,133.1800,1.5424,3.2505,0.0079,1.0550,0.8112,0.4285,0.2330,1.0374,1.0915,33.5168,25.8526,0.0000,0.0203,-13.5201
13161500,2059.2600,59.9515,986.1300,1.3701,2.5599,0.0336,0.8214,0.6388,0.3547,0.2182,2.5370,1.3336,35.9634,22.7405,0.0000,0.0268,-13.2545
13235000,2075.3400,126.2459,1163.2300,2.5670,2.6836,0.8604,1.4359,0.9952,0.5147,0.2087,0.4401,2.0438,55.4554,6.3863,0.0000,0.0000,-14.0367
13240000,1965.3500,110.0757,125.5700,3.2572,2.4386,0.8066,1.8779,1.3453,0.5963,0.2462,0.4439,4.6263,64.2671,6.4100,0.0000,0.0000,-14.1047
13310700,1979.9800,106.6912,853.1300,3.0473,2.7455,0.9654,1.8914,1.2637,0.6227,0.2052,0.7154,2.5322,60.4383,7.4852,0.0000,0.0000,-14.0186
13313000,2155.6000,111.1797,561.9400,3.6305,2.8611,0.9807,1.7129,1.1203,0.6007,0.2005,1.1468,0.9302,25.4186,3.1648,0.0000,0.0000,-13.9304
13331500,1654.8500,126.5863,618.9300,2.7519,2.2456,0.6378,2.1569,1.4943,0.6427,0.2194,0.5712,0.9029,23.0576,20.8768,0.0000,0.0000,-13.1838
13337000,1548.1800,120.8285,3053.4200,3.5883,2.3294,0.9726,3.4650,2.5450,0.7993,0.2979,0.6255,1.3913,32.4108,8.6248,0.0000,0.0000,-14.0656
13338500,1418.3600,110.2649,3027.0000,2.3258,2.2557,0.8078,3.2715,2.3940,0.7811,0.2880,0.8705,0.7864,17.6342,12.3084,0.0000,0.0000,-13.7088
13340000,1457.9900,113.8504,14268.9200,2.9436,2.3371,0.8441,3.2083,2.3286,0.7684,0.2856,1.0772,1.0414,27.0734,12.2318,0.0000,0.0000,-13.7311
13340600,1417.7900,109.1523,3354.6200,3.7745,2.2673,0.9980,3.9720,2.9366,0.8526,0.3165,0.6498,1.4154,32.4062,10.2842,0.0000,0.0000,-14.1010
14020000,1215.8500,91.6649,341.4300,2.6367,2.2805,0.8556,2.5025,1.7910,0.7070,0.2498,0.6342,0.9468,24.2330,19.0254,0.0000,0.0000,-12.5000
14092750,1597.6800,155.8478,57.4800,4.5914,3.0715,0.9807,2.9332,1.9225,0.7572,0.2261,1.0619,2.6307,55.3976,12.0206,0.0000,0.0000,-12.1067
14096850,958.5100,46.7814,374.6200,2.5477,2.9150,0.4959,2.4048,1.2857,0.6452,0.1336,3.6122,1.6351,43.4386,18.0422,0.0000,0.0000,-12.6426
14137000,1054.8000,110.7204,674.2400,6.3035,2.0273,0.9887,4.2114,2.6593,0.8603,0.2103,1.0212,1.6491,43.2035,16.8570,0.0000,0.0000,-12.7777
14138800,821.6200,142.2387,21.2900,7.7298,2.0943,1.0000,4.0763,2.3938,0.8706,0.2019,0.8974,1.5542,39.2852,16.4602,0.0000,0.0000,-12.0854
14138870,727.8000,122.1857,14.0200,8.4021,2.1145,1.0000,4.6745,3.3443,0.9018,0.2500,1.0345,1.6945,43.0601,16.3137,0.0000,0.0000,-12.4980
14138900,757.3200,93.6240,21.6800,8.9369,2.1286,1.0000,4.8483,3.0198,0.9084,0.1883,1.0244,1.4503,37.7451,18.2069,0.0000,0.0000,-12.5123
14139800,641.0000,126.9321,40.7000,7.9304,2.1145,0.9977,4.2516,2.6801,0.8759,0.1847,1.1795,1.4738,38.1969,17.7503,0.0000,0.0000,-12.1840
14141500,652.0900,96.7029,59.8700,7.4030,2.1525,1.0000,4.2195,2.5548,0.8723,0.1712,1.0095,1.4026,36.6488,18.3656,0.0000,0.0000,-12.9441
14154500,922.4700,108.8472,546.8100,4.6251,2.2562,1.0000,4.4910,2.4972,0.8943,0.1536,0.8936,0.8329,29.9883,32.9515,0.0000,0.0000,-13.7224
14158500,1175.7500,91.1541,237.0800,5.7982,2.2449,0.9963,3.7419,2.3407,0.8127,0.2188,0.9809,1.7727,44.2714,15.1096,0.0000,0.0000,-12.4213
14158790,1026.8100,116.4411,40.5700,6.0777,2.1933,1.0000,4.7218,3.1982,0.8955,0.2860,0.8507,1.6708,42.0047,15.8902,0.0000,0.0000,-12.5000
14166500,249.5100,35.9516,226.5200,5.0502,3.0692,0.9030,4.5162,2.6086,0.8670,0.1356,1.4888,0.5333,17.3501,41.7329,0.0000,0.0000,-14.2774
14182500,719.9500,106.8331,286.8500,6.2178,2.1695,1.0000,4.6583,2.7586,0.8944,0.1936,1.0183,1.1432,36.3147,23.6075,0.0000,0.0000,-12.5041
14185000,977.2300,116.2483,458.1800,5.7117,2.2159,1.0000,4.3037,2.4060,0.8859,0.1728,1.0013,0.9997,33.2864,26.7865,0.0000,0.0000,-12.8911
14185900,823.7900,121.3190,258.2000,6.6082,2.2036,1.0000,4.7311,2.8647,0.9010,0.1906,0.9431,1.3043,36.6381,22.3466,0.0000,0.0000,-12.5709
14187000,794.8000,114.6844,134.7500,5.3561,2.2139,1.0000,4.2908,2.1977,0.8665,0.1356,1.0254,0.8470,30.1750,31.9871,0.0000,0.0000,-12.7001
14216500,824.9000,115.7592,349.5200,7.3124,2.0586,0.9311,3.4306,2.0623,0.8025,0.2405,0.9488,3.7568,68.9631,8.6858,0.0000,0.0000,-12.5002
14222500,485.8500,77.2061,323.8900,7.3727,2.1509,0.9757,4.2356,2.6337,0.8805,0.1939,1.0385,1.1058,28.5648,19.9631,0.0000,0.0000,-12.6245
14236200,490.5300,97.4857,360.9900,5.5898,2.0343,0.9810,4.4815,2.2755,0.8681,0.1535,1.0675,1.1387,31.3474,17.5327,0.0000,0.0000,-13.1605
14301000,375.2100,62.1489,1743.5400,5.8192,2.8381,0.9630,4.4742,2.5387,0.8717,0.1439,1.2695,0.8699,22.0105,20.1936,0.0000,0.0000,-14.6236
14303200,572.2200,70.8165,8.0600,6.6944,2.1610,1.0000,3.2588,1.5209,0.8313,0.0774,1.0000,1.1874,29.5000,15.7000,0.0000,0.0000,-14.8451
14305500,276.1600,55.4680,526.3300,6.6700,2.1729,0.9943,4.6840,2.4424,0.8690,0.1253,1.0501,1.1779,32.5953,20.2302,0.0000,0.0000,-14.2961
14306340,397.4400,62.5010,14.7300,6.4899,2.4444,0.9933,3.3713,1.6917,0.8161,0.0953,0.9615,1.3790,34.4034,17.0412,0.0000,0.0000,-14.9652
14306500,308.3100,57.4679,857.1600,6.2869,2.9639,0.9993,3.7719,1.9729,0.8594,0.1333,1.0601,0.9379,30.0170,24.2786,0.0000,0.0000,-14.6983
14308990,987.0400,96.6268,167.7600,3.6556,3.0643,1.0000,4.6076,2.2706,0.9014,0.1110,0.8897,1.6284,45.0659,18.4746,0.0000,0.0000,-14.2313
14309500,709.8300,110.4253,224.9200,4.9778,3.1222,1.0000,4.2279,1.9863,0.8834,0.1157,0.8946,1.3353,37.7512,23.2139,0.0000,0.0000,-14.8976
14316700,952.2600,119.0892,587.9000,4.5434,2.2776,1.0000,4.8597,2.8287,0.9144,0.1712,0.8793,1.2883,37.2385,24.3636,0.0000,0.0000,-13.5958
14325000,656.5300,124.9689,443.0700,6.2974,2.4347,1.0000,4.1507,1.8671,0.8735,0.1160,0.9903,1.4258,38.9616,20.0687,0.0000,0.0000,-15.1799
14362250,875.6700,109.9313,41.4200,2.7817,3.3252,1.0000,4.4303,2.4515,0.8683,0.1171,0.6250,1.3639,37.9144,22.4044,0.0000,0.0000,-12.5264
14400000,625.3100,98.8180,702.6300,5.5561,2.2797,1.0000,3.2183,1.4309,0.7434,0.0974,0.9290,0.9413,30.0266,27.8051,0.0000,0.0000,-14.7163